#
# There is insufficient memory for the Java Runtime Environment to continue.
# Native memory allocation (malloc) failed to allocate 968976 bytes. Error detail: Chunk::new
# Possible reasons:
#   The system is out of physical RAM or swap space
#   This process is running with CompressedOops enabled, and the Java Heap may be blocking the growth of the native heap
# Possible solutions:
#   Reduce memory load on the system
#   Increase physical memory or swap space
#   Check if swap backing store is full
#   Decrease Java heap size (-Xmx/-Xms)
#   Decrease number of Java threads
#   Decrease Java thread stack sizes (-Xss)
#   Set larger code cache with -XX:ReservedCodeCacheSize=
#   JVM is running with Zero Based Compressed Oops mode in which the Java heap is
#     placed in the first 32GB address space. The Java Heap base address is the
#     maximum limit for the native heap growth. Please use -XX:HeapBaseMinAddress
#     to set the Java Heap base and to place the Java Heap above 32GB virtual address.
# This output file may be truncated or incomplete.
#
#  Out of Memory Error (arena.cpp:191), pid=7936, tid=16360
#
# JRE version: OpenJDK Runtime Environment Temurin-17.0.15+6 (17.0.15+6) (build 17.0.15+6)
# Java VM: OpenJDK 64-Bit Server VM Temurin-17.0.15+6 (17.0.15+6, mixed mode, sharing, tiered, compressed oops, compressed class ptrs, g1 gc, windows-amd64)
# No core dump will be written. Minidumps are not enabled by default on client versions of Windows
#

---------------  S U M M A R Y ------------

Command Line: --add-opens=java.base/java.lang=ALL-UNNAMED --add-opens=java.base/java.lang.invoke=ALL-UNNAMED --add-opens=java.base/java.util=ALL-UNNAMED --add-opens=java.prefs/java.util.prefs=ALL-UNNAMED --add-exports=jdk.compiler/com.sun.tools.javac.api=ALL-UNNAMED --add-exports=jdk.compiler/com.sun.tools.javac.util=ALL-UNNAMED --add-opens=java.base/java.util=ALL-UNNAMED --add-opens=java.prefs/java.util.prefs=ALL-UNNAMED --add-opens=java.base/java.nio.charset=ALL-UNNAMED --add-opens=java.base/java.net=ALL-UNNAMED --add-opens=java.base/java.util.concurrent.atomic=ALL-UNNAMED --add-opens=java.xml/javax.xml.namespace=ALL-UNNAMED -XX:MaxMetaspaceSize=1024m -XX:+HeapDumpOnOutOfMemoryError -Xmx4096M -Dfile.encoding=windows-1252 -Duser.country=GB -Duser.language=en -Duser.variant -javaagent:C:\Users\flori\.gradle\wrapper\dists\gradle-8.12-all\ejduaidbjup3bmmkhw3rie4zb\gradle-8.12\lib\agents\gradle-instrumentation-agent-8.12.jar org.gradle.launcher.daemon.bootstrap.GradleDaemon 8.12

Host: 12th Gen Intel(R) Core(TM) i5-12600HX, 16 cores, 23G,  Windows 10 , 64 bit Build 19041 (10.0.19041.5915)
Time: Wed Nov 26 07:37:11 2025 GTB Standard Time elapsed time: 81.651626 seconds (0d 0h 1m 21s)

---------------  T H R E A D  ---------------

Current thread (0x000001ee707d7c90):  JavaThread "C2 CompilerThread0" daemon [_thread_in_native, id=16360, stack(0x00000009b7700000,0x00000009b7800000)]


Current CompileTask:
C2:  81651 14883   !   4       org.gradle.internal.execution.history.impl.DefaultImmutableWorkspaceMetadataStore::loadWorkspaceMetadata (185 bytes)

Stack: [0x00000009b7700000,0x00000009b7800000]
Native frames: (J=compiled Java code, j=interpreted, Vv=VM code, C=native code)
V  [jvm.dll+0x682fc9]
V  [jvm.dll+0x839878]
V  [jvm.dll+0x83b323]
V  [jvm.dll+0x83b993]
V  [jvm.dll+0x24725f]
V  [jvm.dll+0xacea4]
V  [jvm.dll+0xad53c]
V  [jvm.dll+0x365c1f]
V  [jvm.dll+0x32fe58]
V  [jvm.dll+0x32f2da]
V  [jvm.dll+0x21824f]
V  [jvm.dll+0x21768f]
V  [jvm.dll+0x1a31b0]
V  [jvm.dll+0x227a9c]
V  [jvm.dll+0x225bfb]
V  [jvm.dll+0x7ef018]
V  [jvm.dll+0x7e94dc]
V  [jvm.dll+0x681ea7]
C  [ucrtbase.dll+0x21bb2]
C  [KERNEL32.DLL+0x17374]
C  [ntdll.dll+0x4cc91]


---------------  P R O C E S S  ---------------

Threads class SMR info:
_java_thread_list=0x000001ee78259280, length=226, elements={
0x000001ee4cb71420, 0x000001ee707b5a40, 0x000001ee707b66d0, 0x000001ee707d14c0,
0x000001ee707d5080, 0x000001ee707d1de0, 0x000001ee707d5590, 0x000001ee707d7c90,
0x000001ee707dbb50, 0x000001ee707d3220, 0x000001ee707d4660, 0x000001ee707d2800,
0x000001ee707d4b70, 0x000001ee707d22f0, 0x000001ee707d2d10, 0x000001ee707d4150,
0x000001ee76a9d4c0, 0x000001ee76a9d9d0, 0x000001ee76a9c080, 0x000001ee76a979a0,
0x000001ee76a99800, 0x000001ee76a9c590, 0x000001ee76a99d10, 0x000001ee76a9dee0,
0x000001ee76a9a730, 0x000001ee76a9b660, 0x000001ee76a9e900, 0x000001ee76a988d0,
0x000001ee76a97490, 0x000001ee76a9caa0, 0x000001ee76a9cfb0, 0x000001ee76a9bb70,
0x000001ee76a9ee10, 0x000001ee76a97eb0, 0x000001ee76a983c0, 0x000001ee76a992f0,
0x000001ee76a9a220, 0x000001ee76a9ac40, 0x000001ee76a9b150, 0x000001ee79a310d0,
0x000001ee79a32000, 0x000001ee79a301a0, 0x000001ee79a315e0, 0x000001ee79a2f270,
0x000001ee79a35cc0, 0x000001ee79a32510, 0x000001ee79a361d0, 0x000001ee79a352a0,
0x000001ee79a34880, 0x000001ee79a31af0, 0x000001ee79a2f780, 0x000001ee79a33e60,
0x000001ee79a32f30, 0x000001ee79a32a20, 0x000001ee79a34d90, 0x000001ee79a357b0,
0x000001ee79a34370, 0x000001ee79a33440, 0x000001ee79a33950, 0x000001ee79a2ed60,
0x000001ee79a2fc90, 0x000001ee79a366e0, 0x000001ee79a306b0, 0x000001ee79a30bc0,
0x000001ee75a23720, 0x000001ee75a227f0, 0x000001ee75a1dc00, 0x000001ee75a218c0,
0x000001ee75a1fa60, 0x000001ee75a1ff70, 0x000001ee75a213b0, 0x000001ee75a20ea0,
0x000001ee75a23c30, 0x000001ee75a1ccd0, 0x000001ee75a1f550, 0x000001ee75a1eb30,
0x000001ee75a22d00, 0x000001ee75a1e110, 0x000001ee75a20480, 0x000001ee75a24140,
0x000001ee75a21dd0, 0x000001ee75a222e0, 0x000001ee75a1e620, 0x000001ee75a1d1e0,
0x000001ee75a24650, 0x000001ee75a1f040, 0x000001ee75a1d6f0, 0x000001ee793a86f0,
0x000001ee793ab990, 0x000001ee793a81e0, 0x000001ee793a9b30, 0x000001ee793a6da0,
0x000001ee793ab480, 0x000001ee793a5960, 0x000001ee793ac3b0, 0x000001ee793a4f40,
0x000001ee793a8c00, 0x000001ee793a77c0, 0x000001ee793a9110, 0x000001ee793a6380,
0x000001ee793a6890, 0x000001ee793abea0, 0x000001ee793aaf70, 0x000001ee793a7cd0,
0x000001ee793ac8c0, 0x000001ee793a9620, 0x000001ee793aa040, 0x000001ee793aa550,
0x000001ee793aaa60, 0x000001ee793a5450, 0x000001ee793a72b0, 0x000001ee793a5e70,
0x000001ee792e1df0, 0x000001ee792e5ab0, 0x000001ee792e0ec0, 0x000001ee792e4670,
0x000001ee792e4b80, 0x000001ee792df060, 0x000001ee792e64d0, 0x000001ee792e5fc0,
0x000001ee792e69e0, 0x000001ee792e18e0, 0x000001ee792e2300, 0x000001ee792e13d0,
0x000001ee792df570, 0x000001ee792e3740, 0x000001ee792e3c50, 0x000001ee792e5090,
0x000001ee792dfa80, 0x000001ee792dff90, 0x000001ee792e2810, 0x000001ee792e2d20,
0x000001ee792e55a0, 0x000001ee792e04a0, 0x000001ee792e3230, 0x000001ee792e4160,
0x000001ee792e09b0, 0x000001ee78711040, 0x000001ee787142e0, 0x000001ee78710b30,
0x000001ee7870ecd0, 0x000001ee78712480, 0x000001ee7870f1e0, 0x000001ee78716140,
0x000001ee78715720, 0x000001ee78714d00, 0x000001ee78711550, 0x000001ee78716650,
0x000001ee78715210, 0x000001ee7870f6f0, 0x000001ee78711a60, 0x000001ee78711f70,
0x000001ee78712990, 0x000001ee78715c30, 0x000001ee7870fc00, 0x000001ee78712ea0,
0x000001ee787133b0, 0x000001ee787138c0, 0x000001ee78710110, 0x000001ee78713dd0,
0x000001ee78710620, 0x000001ee799d7410, 0x000001ee799d1e00, 0x000001ee799d5ac0,
0x000001ee799d4680, 0x000001ee799d4170, 0x000001ee799d69f0, 0x000001ee799d50a0,
0x000001ee799d4b90, 0x000001ee799d04b0, 0x000001ee799d55b0, 0x000001ee799d64e0,
0x000001ee799d2820, 0x000001ee799d5fd0, 0x000001ee799d2310, 0x000001ee799d6f00,
0x000001ee799d7920, 0x000001ee799d7e30, 0x000001ee799d3c60, 0x000001ee799d2d30,
0x000001ee799d0ed0, 0x000001ee799d13e0, 0x000001ee799d18f0, 0x000001ee799d3240,
0x000001ee799d3750, 0x000001ee7a7134d0, 0x000001ee7a712fc0, 0x000001ee7a715d50,
0x000001ee7a711160, 0x000001ee7a7176a0, 0x000001ee7a7139e0, 0x000001ee7a717190,
0x000001ee7a714e20, 0x000001ee7a713ef0, 0x000001ee7a714400, 0x000001ee7a712090,
0x000001ee7a717bb0, 0x000001ee7a716770, 0x000001ee7a714910, 0x000001ee7a712ab0,
0x000001ee7a710740, 0x000001ee7a7180c0, 0x000001ee7a715330, 0x000001ee7a716c80,
0x000001ee7a710c50, 0x000001ee7a711670, 0x000001ee7a715840, 0x000001ee7a716260,
0x000001ee7a7125a0, 0x000001ee707d3c40, 0x000001ee78d6a290, 0x000001ee78d660c0,
0x000001ee78d665d0, 0x000001ee78d68430, 0x000001ee78d656a0, 0x000001ee78d69d80,
0x000001ee78d66ff0, 0x000001ee78d67f20, 0x000001ee78d6cb10, 0x000001ee78d68e50,
0x000001ee78d6d020, 0x000001ee78d6a7a0, 0x000001ee78d6acb0, 0x000001ee78d73f80,
0x000001ee78d6d530, 0x000001ee78d74490
}

Java Threads: ( => current thread )
  0x000001ee4cb71420 JavaThread "main" [_thread_blocked, id=18324, stack(0x00000009b6a00000,0x00000009b6b00000)]
  0x000001ee707b5a40 JavaThread "Reference Handler" daemon [_thread_blocked, id=7224, stack(0x00000009b7100000,0x00000009b7200000)]
  0x000001ee707b66d0 JavaThread "Finalizer" daemon [_thread_blocked, id=20308, stack(0x00000009b7200000,0x00000009b7300000)]
  0x000001ee707d14c0 JavaThread "Signal Dispatcher" daemon [_thread_blocked, id=19616, stack(0x00000009b7300000,0x00000009b7400000)]
  0x000001ee707d5080 JavaThread "Attach Listener" daemon [_thread_blocked, id=9276, stack(0x00000009b7400000,0x00000009b7500000)]
  0x000001ee707d1de0 JavaThread "Service Thread" daemon [_thread_blocked, id=19232, stack(0x00000009b7500000,0x00000009b7600000)]
  0x000001ee707d5590 JavaThread "Monitor Deflation Thread" daemon [_thread_blocked, id=15988, stack(0x00000009b7600000,0x00000009b7700000)]
=>0x000001ee707d7c90 JavaThread "C2 CompilerThread0" daemon [_thread_in_native, id=16360, stack(0x00000009b7700000,0x00000009b7800000)]
  0x000001ee707dbb50 JavaThread "C1 CompilerThread0" daemon [_thread_blocked, id=16828, stack(0x00000009b7800000,0x00000009b7900000)]
  0x000001ee707d3220 JavaThread "Sweeper thread" daemon [_thread_blocked, id=10796, stack(0x00000009b7900000,0x00000009b7a00000)]
  0x000001ee707d4660 JavaThread "Common-Cleaner" daemon [_thread_blocked, id=20236, stack(0x00000009b7a00000,0x00000009b7b00000)]
  0x000001ee707d2800 JavaThread "Notification Thread" daemon [_thread_blocked, id=14604, stack(0x00000009b7d00000,0x00000009b7e00000)]
  0x000001ee707d4b70 JavaThread "Daemon health stats" [_thread_blocked, id=18268, stack(0x00000009b8700000,0x00000009b8800000)]
  0x000001ee707d22f0 JavaThread "Incoming local TCP Connector on port 63690" [_thread_in_native, id=2000, stack(0x00000009b8800000,0x00000009b8900000)]
  0x000001ee707d2d10 JavaThread "Daemon periodic checks" [_thread_blocked, id=16824, stack(0x00000009b8900000,0x00000009b8a00000)]
  0x000001ee707d4150 JavaThread "Daemon" [_thread_blocked, id=15828, stack(0x00000009b8a00000,0x00000009b8b00000)]
  0x000001ee76a9d4c0 JavaThread "Handler for socket connection from /127.0.0.1:63690 to /127.0.0.1:63691" [_thread_in_native, id=19176, stack(0x00000009b8b00000,0x00000009b8c00000)]
  0x000001ee76a9d9d0 JavaThread "Cancel handler" [_thread_blocked, id=19924, stack(0x00000009b8c00000,0x00000009b8d00000)]
  0x000001ee76a9c080 JavaThread "Daemon worker" [_thread_blocked, id=14032, stack(0x00000009b8d00000,0x00000009b8e00000)]
  0x000001ee76a979a0 JavaThread "Asynchronous log dispatcher for DefaultDaemonConnection: socket connection from /127.0.0.1:63690 to /127.0.0.1:63691" [_thread_blocked, id=19080, stack(0x00000009b8e00000,0x00000009b8f00000)]
  0x000001ee76a99800 JavaThread "Stdin handler" [_thread_blocked, id=9520, stack(0x00000009b8f00000,0x00000009b9000000)]
  0x000001ee76a9c590 JavaThread "Daemon client event forwarder" [_thread_blocked, id=20900, stack(0x00000009b9000000,0x00000009b9100000)]
  0x000001ee76a99d10 JavaThread "Cache worker for journal cache (C:\Users\flori\.gradle\caches\journal-1)" [_thread_blocked, id=7356, stack(0x00000009b9100000,0x00000009b9200000)]
  0x000001ee76a9dee0 JavaThread "File lock request listener" [_thread_in_native, id=6960, stack(0x00000009b9200000,0x00000009b9300000)]
  0x000001ee76a9a730 JavaThread "Cache worker for file hash cache (C:\Users\flori\.gradle\caches\8.12\fileHashes)" [_thread_blocked, id=14548, stack(0x00000009b9300000,0x00000009b9400000)]
  0x000001ee76a9b660 JavaThread "Cache worker for file hash cache (C:\friendsride_app\android\.gradle\8.12\fileHashes)" [_thread_blocked, id=9932, stack(0x00000009b9600000,0x00000009b9700000)]
  0x000001ee76a9e900 JavaThread "Cache worker for Build Output Cleanup Cache (C:\friendsride_app\android\.gradle\buildOutputCleanup)" [_thread_blocked, id=12260, stack(0x00000009b9700000,0x00000009b9800000)]
  0x000001ee76a988d0 JavaThread "File watcher server" daemon [_thread_in_native, id=1936, stack(0x00000009b9500000,0x00000009b9600000)]
  0x000001ee76a97490 JavaThread "File watcher consumer" daemon [_thread_blocked, id=17016, stack(0x00000009b9e00000,0x00000009b9f00000)]
  0x000001ee76a9caa0 JavaThread "Cache worker for checksums cache (C:\friendsride_app\android\.gradle\8.12\checksums)" [_thread_blocked, id=4076, stack(0x00000009b9f00000,0x00000009ba000000)]
  0x000001ee76a9cfb0 JavaThread "Cache worker for file content cache (C:\Users\flori\.gradle\caches\8.12\fileContent)" [_thread_blocked, id=5512, stack(0x00000009ba000000,0x00000009ba100000)]
  0x000001ee76a9bb70 JavaThread "Cache worker for cache directory md-rule (C:\Users\flori\.gradle\caches\8.12\md-rule)" [_thread_blocked, id=9628, stack(0x00000009ba200000,0x00000009ba300000)]
  0x000001ee76a9ee10 JavaThread "Cache worker for cache directory md-supplier (C:\Users\flori\.gradle\caches\8.12\md-supplier)" [_thread_blocked, id=12796, stack(0x00000009ba300000,0x00000009ba400000)]
  0x000001ee76a97eb0 JavaThread "Cache worker for Build Output Cleanup Cache (C:\Users\flori\AppData\Local\dev\packages\flutter_tools\gradle\.gradle\buildOutputCleanup)" [_thread_blocked, id=16732, stack(0x00000009b7b00000,0x00000009b7c00000)]
  0x000001ee76a983c0 JavaThread "Unconstrained build operations" [_thread_blocked, id=20300, stack(0x00000009ba400000,0x00000009ba500000)]
  0x000001ee76a992f0 JavaThread "Unconstrained build operations Thread 2" [_thread_in_native, id=18796, stack(0x00000009ba500000,0x00000009ba600000)]
  0x000001ee76a9a220 JavaThread "Unconstrained build operations Thread 3" [_thread_in_native, id=14316, stack(0x00000009ba600000,0x00000009ba700000)]
  0x000001ee76a9ac40 JavaThread "Unconstrained build operations Thread 4" [_thread_blocked, id=14916, stack(0x00000009ba700000,0x00000009ba800000)]
  0x000001ee76a9b150 JavaThread "Unconstrained build operations Thread 5" [_thread_blocked, id=4616, stack(0x00000009ba800000,0x00000009ba900000)]
  0x000001ee79a310d0 JavaThread "Unconstrained build operations Thread 6" [_thread_blocked, id=10632, stack(0x00000009ba900000,0x00000009baa00000)]
  0x000001ee79a32000 JavaThread "Unconstrained build operations Thread 7" [_thread_blocked, id=15208, stack(0x00000009baa00000,0x00000009bab00000)]
  0x000001ee79a301a0 JavaThread "Unconstrained build operations Thread 8" [_thread_blocked, id=4432, stack(0x00000009bab00000,0x00000009bac00000)]
  0x000001ee79a315e0 JavaThread "Unconstrained build operations Thread 9" [_thread_blocked, id=13996, stack(0x00000009bac00000,0x00000009bad00000)]
  0x000001ee79a2f270 JavaThread "Unconstrained build operations Thread 10" [_thread_blocked, id=9232, stack(0x00000009bad00000,0x00000009bae00000)]
  0x000001ee79a35cc0 JavaThread "Unconstrained build operations Thread 11" [_thread_blocked, id=20772, stack(0x00000009bae00000,0x00000009baf00000)]
  0x000001ee79a32510 JavaThread "Unconstrained build operations Thread 12" [_thread_blocked, id=19368, stack(0x00000009baf00000,0x00000009bb000000)]
  0x000001ee79a361d0 JavaThread "Unconstrained build operations Thread 13" [_thread_blocked, id=836, stack(0x00000009bb000000,0x00000009bb100000)]
  0x000001ee79a352a0 JavaThread "Unconstrained build operations Thread 14" [_thread_blocked, id=12684, stack(0x00000009bb100000,0x00000009bb200000)]
  0x000001ee79a34880 JavaThread "Unconstrained build operations Thread 15" [_thread_blocked, id=9564, stack(0x00000009bb200000,0x00000009bb300000)]
  0x000001ee79a31af0 JavaThread "Unconstrained build operations Thread 16" [_thread_blocked, id=2132, stack(0x00000009bb300000,0x00000009bb400000)]
  0x000001ee79a2f780 JavaThread "Unconstrained build operations Thread 17" [_thread_blocked, id=16012, stack(0x00000009bb400000,0x00000009bb500000)]
  0x000001ee79a33e60 JavaThread "Unconstrained build operations Thread 18" [_thread_blocked, id=7996, stack(0x00000009bb500000,0x00000009bb600000)]
  0x000001ee79a32f30 JavaThread "Unconstrained build operations Thread 19" [_thread_blocked, id=17780, stack(0x00000009bb600000,0x00000009bb700000)]
  0x000001ee79a32a20 JavaThread "Unconstrained build operations Thread 20" [_thread_blocked, id=2548, stack(0x00000009bb700000,0x00000009bb800000)]
  0x000001ee79a34d90 JavaThread "Unconstrained build operations Thread 21" [_thread_blocked, id=3852, stack(0x00000009bb800000,0x00000009bb900000)]
  0x000001ee79a357b0 JavaThread "Unconstrained build operations Thread 22" [_thread_blocked, id=9916, stack(0x00000009bb900000,0x00000009bba00000)]
  0x000001ee79a34370 JavaThread "Unconstrained build operations Thread 23" [_thread_blocked, id=21344, stack(0x00000009bba00000,0x00000009bbb00000)]
  0x000001ee79a33440 JavaThread "Unconstrained build operations Thread 24" [_thread_blocked, id=15620, stack(0x00000009bbb00000,0x00000009bbc00000)]
  0x000001ee79a33950 JavaThread "Unconstrained build operations Thread 25" [_thread_blocked, id=19572, stack(0x00000009bbc00000,0x00000009bbd00000)]
  0x000001ee79a2ed60 JavaThread "Unconstrained build operations Thread 26" [_thread_blocked, id=14600, stack(0x00000009bbd00000,0x00000009bbe00000)]
  0x000001ee79a2fc90 JavaThread "Unconstrained build operations Thread 27" [_thread_blocked, id=8508, stack(0x00000009bbe00000,0x00000009bbf00000)]
  0x000001ee79a366e0 JavaThread "Unconstrained build operations Thread 28" [_thread_blocked, id=9996, stack(0x00000009bbf00000,0x00000009bc000000)]
  0x000001ee79a306b0 JavaThread "Unconstrained build operations Thread 29" [_thread_blocked, id=12300, stack(0x00000009bc000000,0x00000009bc100000)]
  0x000001ee79a30bc0 JavaThread "Unconstrained build operations Thread 30" [_thread_blocked, id=5552, stack(0x00000009bc100000,0x00000009bc200000)]
  0x000001ee75a23720 JavaThread "Unconstrained build operations Thread 31" [_thread_blocked, id=18748, stack(0x00000009bc200000,0x00000009bc300000)]
  0x000001ee75a227f0 JavaThread "Unconstrained build operations Thread 32" [_thread_blocked, id=3148, stack(0x00000009bc300000,0x00000009bc400000)]
  0x000001ee75a1dc00 JavaThread "Unconstrained build operations Thread 33" [_thread_blocked, id=20960, stack(0x00000009bc400000,0x00000009bc500000)]
  0x000001ee75a218c0 JavaThread "Unconstrained build operations Thread 34" [_thread_blocked, id=20680, stack(0x00000009bc500000,0x00000009bc600000)]
  0x000001ee75a1fa60 JavaThread "Unconstrained build operations Thread 35" [_thread_blocked, id=21224, stack(0x00000009bc600000,0x00000009bc700000)]
  0x000001ee75a1ff70 JavaThread "Unconstrained build operations Thread 36" [_thread_blocked, id=14440, stack(0x00000009bc700000,0x00000009bc800000)]
  0x000001ee75a213b0 JavaThread "Unconstrained build operations Thread 37" [_thread_blocked, id=9024, stack(0x00000009bc800000,0x00000009bc900000)]
  0x000001ee75a20ea0 JavaThread "Unconstrained build operations Thread 38" [_thread_blocked, id=5280, stack(0x00000009bc900000,0x00000009bca00000)]
  0x000001ee75a23c30 JavaThread "Unconstrained build operations Thread 39" [_thread_blocked, id=7288, stack(0x00000009bca00000,0x00000009bcb00000)]
  0x000001ee75a1ccd0 JavaThread "Unconstrained build operations Thread 40" [_thread_blocked, id=12768, stack(0x00000009bcb00000,0x00000009bcc00000)]
  0x000001ee75a1f550 JavaThread "Unconstrained build operations Thread 41" [_thread_blocked, id=11632, stack(0x00000009bcc00000,0x00000009bcd00000)]
  0x000001ee75a1eb30 JavaThread "Unconstrained build operations Thread 42" [_thread_blocked, id=1808, stack(0x00000009bcd00000,0x00000009bce00000)]
  0x000001ee75a22d00 JavaThread "Unconstrained build operations Thread 43" [_thread_blocked, id=20476, stack(0x00000009bce00000,0x00000009bcf00000)]
  0x000001ee75a1e110 JavaThread "Unconstrained build operations Thread 44" [_thread_blocked, id=19800, stack(0x00000009bcf00000,0x00000009bd000000)]
  0x000001ee75a20480 JavaThread "Unconstrained build operations Thread 45" [_thread_blocked, id=7236, stack(0x00000009bd000000,0x00000009bd100000)]
  0x000001ee75a24140 JavaThread "Memory manager" [_thread_blocked, id=19760, stack(0x00000009bd200000,0x00000009bd300000)]
  0x000001ee75a21dd0 JavaThread "build event listener" [_thread_blocked, id=8952, stack(0x00000009b9400000,0x00000009b9500000)]
  0x000001ee75a222e0 JavaThread "included builds" [_thread_blocked, id=20296, stack(0x00000009bd700000,0x00000009bd800000)]
  0x000001ee75a1e620 JavaThread "Execution worker" [_thread_blocked, id=3680, stack(0x00000009bd800000,0x00000009bd900000)]
  0x000001ee75a1d1e0 JavaThread "Execution worker Thread 2" [_thread_blocked, id=7424, stack(0x00000009bd900000,0x00000009bda00000)]
  0x000001ee75a24650 JavaThread "Execution worker Thread 3" [_thread_blocked, id=10948, stack(0x00000009bda00000,0x00000009bdb00000)]
  0x000001ee75a1f040 JavaThread "Execution worker Thread 4" [_thread_blocked, id=16348, stack(0x00000009bdb00000,0x00000009bdc00000)]
  0x000001ee75a1d6f0 JavaThread "Execution worker Thread 5" [_thread_blocked, id=18668, stack(0x00000009bdc00000,0x00000009bdd00000)]
  0x000001ee793a86f0 JavaThread "Execution worker Thread 6" [_thread_blocked, id=15640, stack(0x00000009bdd00000,0x00000009bde00000)]
  0x000001ee793ab990 JavaThread "Execution worker Thread 7" [_thread_blocked, id=16176, stack(0x00000009bde00000,0x00000009bdf00000)]
  0x000001ee793a81e0 JavaThread "Execution worker Thread 8" [_thread_blocked, id=20572, stack(0x00000009bdf00000,0x00000009be000000)]
  0x000001ee793a9b30 JavaThread "Execution worker Thread 9" [_thread_blocked, id=3464, stack(0x00000009be000000,0x00000009be100000)]
  0x000001ee793a6da0 JavaThread "Execution worker Thread 10" [_thread_blocked, id=19428, stack(0x00000009be100000,0x00000009be200000)]
  0x000001ee793ab480 JavaThread "Execution worker Thread 11" [_thread_blocked, id=16492, stack(0x00000009be200000,0x00000009be300000)]
  0x000001ee793a5960 JavaThread "Execution worker Thread 12" [_thread_blocked, id=17556, stack(0x00000009be300000,0x00000009be400000)]
  0x000001ee793ac3b0 JavaThread "Execution worker Thread 13" [_thread_blocked, id=828, stack(0x00000009be400000,0x00000009be500000)]
  0x000001ee793a4f40 JavaThread "Execution worker Thread 14" [_thread_blocked, id=17864, stack(0x00000009be500000,0x00000009be600000)]
  0x000001ee793a8c00 JavaThread "Execution worker Thread 15" [_thread_blocked, id=15732, stack(0x00000009be600000,0x00000009be700000)]
  0x000001ee793a77c0 JavaThread "Cache worker for execution history cache (C:\Users\flori\AppData\Local\dev\packages\flutter_tools\gradle\.gradle\8.12\executionHistory)" [_thread_blocked, id=12204, stack(0x00000009be700000,0x00000009be800000)]
  0x000001ee793a9110 JavaThread "Unconstrained build operations Thread 46" [_thread_blocked, id=1676, stack(0x00000009be800000,0x00000009be900000)]
  0x000001ee793a6380 JavaThread "Unconstrained build operations Thread 47" [_thread_blocked, id=16320, stack(0x00000009be900000,0x00000009bea00000)]
  0x000001ee793a6890 JavaThread "Unconstrained build operations Thread 48" [_thread_blocked, id=18792, stack(0x00000009bea00000,0x00000009beb00000)]
  0x000001ee793abea0 JavaThread "Unconstrained build operations Thread 49" [_thread_blocked, id=1252, stack(0x00000009beb00000,0x00000009bec00000)]
  0x000001ee793aaf70 JavaThread "Unconstrained build operations Thread 50" [_thread_blocked, id=3532, stack(0x00000009bec00000,0x00000009bed00000)]
  0x000001ee793a7cd0 JavaThread "Unconstrained build operations Thread 51" [_thread_blocked, id=19560, stack(0x00000009bed00000,0x00000009bee00000)]
  0x000001ee793ac8c0 JavaThread "Unconstrained build operations Thread 52" [_thread_blocked, id=17260, stack(0x00000009bee00000,0x00000009bef00000)]
  0x000001ee793a9620 JavaThread "Unconstrained build operations Thread 53" [_thread_blocked, id=15008, stack(0x00000009bef00000,0x00000009bf000000)]
  0x000001ee793aa040 JavaThread "Unconstrained build operations Thread 54" [_thread_blocked, id=4292, stack(0x00000009bf000000,0x00000009bf100000)]
  0x000001ee793aa550 JavaThread "Unconstrained build operations Thread 55" [_thread_blocked, id=13588, stack(0x00000009bf100000,0x00000009bf200000)]
  0x000001ee793aaa60 JavaThread "Unconstrained build operations Thread 56" [_thread_blocked, id=20472, stack(0x00000009bf200000,0x00000009bf300000)]
  0x000001ee793a5450 JavaThread "Unconstrained build operations Thread 57" [_thread_blocked, id=3076, stack(0x00000009bf300000,0x00000009bf400000)]
  0x000001ee793a72b0 JavaThread "Unconstrained build operations Thread 58" [_thread_blocked, id=4176, stack(0x00000009bf400000,0x00000009bf500000)]
  0x000001ee793a5e70 JavaThread "Unconstrained build operations Thread 59" [_thread_blocked, id=20208, stack(0x00000009bf500000,0x00000009bf600000)]
  0x000001ee792e1df0 JavaThread "Unconstrained build operations Thread 60" [_thread_blocked, id=7760, stack(0x00000009bf600000,0x00000009bf700000)]
  0x000001ee792e5ab0 JavaThread "Unconstrained build operations Thread 61" [_thread_blocked, id=17120, stack(0x00000009bf700000,0x00000009bf800000)]
  0x000001ee792e0ec0 JavaThread "Unconstrained build operations Thread 62" [_thread_blocked, id=6224, stack(0x00000009bf800000,0x00000009bf900000)]
  0x000001ee792e4670 JavaThread "Unconstrained build operations Thread 63" [_thread_blocked, id=7324, stack(0x00000009bf900000,0x00000009bfa00000)]
  0x000001ee792e4b80 JavaThread "Unconstrained build operations Thread 64" [_thread_blocked, id=9316, stack(0x00000009bfa00000,0x00000009bfb00000)]
  0x000001ee792df060 JavaThread "Unconstrained build operations Thread 65" [_thread_blocked, id=20072, stack(0x00000009bfb00000,0x00000009bfc00000)]
  0x000001ee792e64d0 JavaThread "Unconstrained build operations Thread 66" [_thread_blocked, id=9076, stack(0x00000009bfc00000,0x00000009bfd00000)]
  0x000001ee792e5fc0 JavaThread "Unconstrained build operations Thread 67" [_thread_blocked, id=17964, stack(0x00000009bfd00000,0x00000009bfe00000)]
  0x000001ee792e69e0 JavaThread "Unconstrained build operations Thread 68" [_thread_blocked, id=10084, stack(0x00000009bfe00000,0x00000009bff00000)]
  0x000001ee792e18e0 JavaThread "Unconstrained build operations Thread 69" [_thread_blocked, id=18024, stack(0x00000009bff00000,0x00000009c0000000)]
  0x000001ee792e2300 JavaThread "Unconstrained build operations Thread 70" [_thread_blocked, id=2324, stack(0x00000009c0000000,0x00000009c0100000)]
  0x000001ee792e13d0 JavaThread "Unconstrained build operations Thread 71" [_thread_blocked, id=17180, stack(0x00000009c0100000,0x00000009c0200000)]
  0x000001ee792df570 JavaThread "Unconstrained build operations Thread 72" [_thread_blocked, id=10708, stack(0x00000009c0200000,0x00000009c0300000)]
  0x000001ee792e3740 JavaThread "Unconstrained build operations Thread 73" [_thread_blocked, id=16020, stack(0x00000009c0300000,0x00000009c0400000)]
  0x000001ee792e3c50 JavaThread "Unconstrained build operations Thread 74" [_thread_blocked, id=4476, stack(0x00000009c0400000,0x00000009c0500000)]
  0x000001ee792e5090 JavaThread "Unconstrained build operations Thread 75" [_thread_blocked, id=18528, stack(0x00000009c0500000,0x00000009c0600000)]
  0x000001ee792dfa80 JavaThread "Unconstrained build operations Thread 76" [_thread_blocked, id=9256, stack(0x00000009c0600000,0x00000009c0700000)]
  0x000001ee792dff90 JavaThread "Unconstrained build operations Thread 77" [_thread_blocked, id=20500, stack(0x00000009c0700000,0x00000009c0800000)]
  0x000001ee792e2810 JavaThread "Unconstrained build operations Thread 78" [_thread_blocked, id=14308, stack(0x00000009c0800000,0x00000009c0900000)]
  0x000001ee792e2d20 JavaThread "Unconstrained build operations Thread 79" [_thread_blocked, id=4916, stack(0x00000009c0900000,0x00000009c0a00000)]
  0x000001ee792e55a0 JavaThread "Unconstrained build operations Thread 80" [_thread_blocked, id=3256, stack(0x00000009c0a00000,0x00000009c0b00000)]
  0x000001ee792e04a0 JavaThread "Unconstrained build operations Thread 81" [_thread_blocked, id=20348, stack(0x00000009c0b00000,0x00000009c0c00000)]
  0x000001ee792e3230 JavaThread "Unconstrained build operations Thread 82" [_thread_blocked, id=12764, stack(0x00000009c0c00000,0x00000009c0d00000)]
  0x000001ee792e4160 JavaThread "Unconstrained build operations Thread 83" [_thread_blocked, id=11556, stack(0x00000009c0d00000,0x00000009c0e00000)]
  0x000001ee792e09b0 JavaThread "Unconstrained build operations Thread 84" [_thread_blocked, id=16264, stack(0x00000009c0e00000,0x00000009c0f00000)]
  0x000001ee78711040 JavaThread "Unconstrained build operations Thread 85" [_thread_blocked, id=14612, stack(0x00000009c0f00000,0x00000009c1000000)]
  0x000001ee787142e0 JavaThread "Unconstrained build operations Thread 86" [_thread_blocked, id=18456, stack(0x00000009c1000000,0x00000009c1100000)]
  0x000001ee78710b30 JavaThread "Unconstrained build operations Thread 87" [_thread_blocked, id=18060, stack(0x00000009c1100000,0x00000009c1200000)]
  0x000001ee7870ecd0 JavaThread "Unconstrained build operations Thread 88" [_thread_blocked, id=16188, stack(0x00000009c1200000,0x00000009c1300000)]
  0x000001ee78712480 JavaThread "Unconstrained build operations Thread 89" [_thread_blocked, id=10492, stack(0x00000009c1300000,0x00000009c1400000)]
  0x000001ee7870f1e0 JavaThread "Unconstrained build operations Thread 90" [_thread_blocked, id=7312, stack(0x00000009c1400000,0x00000009c1500000)]
  0x000001ee78716140 JavaThread "Unconstrained build operations Thread 91" [_thread_blocked, id=8736, stack(0x00000009c1500000,0x00000009c1600000)]
  0x000001ee78715720 JavaThread "Unconstrained build operations Thread 92" [_thread_blocked, id=21304, stack(0x00000009c1600000,0x00000009c1700000)]
  0x000001ee78714d00 JavaThread "Unconstrained build operations Thread 93" [_thread_blocked, id=13316, stack(0x00000009c1700000,0x00000009c1800000)]
  0x000001ee78711550 JavaThread "Unconstrained build operations Thread 94" [_thread_blocked, id=5444, stack(0x00000009c1800000,0x00000009c1900000)]
  0x000001ee78716650 JavaThread "Unconstrained build operations Thread 95" [_thread_blocked, id=18148, stack(0x00000009c1900000,0x00000009c1a00000)]
  0x000001ee78715210 JavaThread "Unconstrained build operations Thread 96" [_thread_blocked, id=17592, stack(0x00000009c1a00000,0x00000009c1b00000)]
  0x000001ee7870f6f0 JavaThread "Unconstrained build operations Thread 97" [_thread_blocked, id=7956, stack(0x00000009c1b00000,0x00000009c1c00000)]
  0x000001ee78711a60 JavaThread "Unconstrained build operations Thread 98" [_thread_blocked, id=16588, stack(0x00000009c1c00000,0x00000009c1d00000)]
  0x000001ee78711f70 JavaThread "Unconstrained build operations Thread 99" [_thread_blocked, id=20624, stack(0x00000009c1d00000,0x00000009c1e00000)]
  0x000001ee78712990 JavaThread "Unconstrained build operations Thread 100" [_thread_blocked, id=17028, stack(0x00000009c1e00000,0x00000009c1f00000)]
  0x000001ee78715c30 JavaThread "Unconstrained build operations Thread 101" [_thread_blocked, id=15084, stack(0x00000009c1f00000,0x00000009c2000000)]
  0x000001ee7870fc00 JavaThread "Unconstrained build operations Thread 102" [_thread_blocked, id=20152, stack(0x00000009c2000000,0x00000009c2100000)]
  0x000001ee78712ea0 JavaThread "Unconstrained build operations Thread 103" [_thread_blocked, id=17340, stack(0x00000009c2100000,0x00000009c2200000)]
  0x000001ee787133b0 JavaThread "Unconstrained build operations Thread 104" [_thread_blocked, id=20368, stack(0x00000009c2200000,0x00000009c2300000)]
  0x000001ee787138c0 JavaThread "Unconstrained build operations Thread 105" [_thread_blocked, id=2696, stack(0x00000009c2300000,0x00000009c2400000)]
  0x000001ee78710110 JavaThread "Unconstrained build operations Thread 106" [_thread_blocked, id=3052, stack(0x00000009c2400000,0x00000009c2500000)]
  0x000001ee78713dd0 JavaThread "Unconstrained build operations Thread 107" [_thread_blocked, id=4660, stack(0x00000009c2500000,0x00000009c2600000)]
  0x000001ee78710620 JavaThread "Unconstrained build operations Thread 108" [_thread_blocked, id=19288, stack(0x00000009bd600000,0x00000009bd700000)]
  0x000001ee799d7410 JavaThread "Unconstrained build operations Thread 109" [_thread_blocked, id=16088, stack(0x00000009c2600000,0x00000009c2700000)]
  0x000001ee799d1e00 JavaThread "Unconstrained build operations Thread 110" [_thread_blocked, id=8596, stack(0x00000009c2700000,0x00000009c2800000)]
  0x000001ee799d5ac0 JavaThread "Unconstrained build operations Thread 111" [_thread_blocked, id=15652, stack(0x00000009c2800000,0x00000009c2900000)]
  0x000001ee799d4680 JavaThread "Unconstrained build operations Thread 112" [_thread_blocked, id=8212, stack(0x00000009c2900000,0x00000009c2a00000)]
  0x000001ee799d4170 JavaThread "Unconstrained build operations Thread 113" [_thread_blocked, id=16836, stack(0x00000009c2a00000,0x00000009c2b00000)]
  0x000001ee799d69f0 JavaThread "Unconstrained build operations Thread 114" [_thread_blocked, id=19568, stack(0x00000009c2b00000,0x00000009c2c00000)]
  0x000001ee799d50a0 JavaThread "Unconstrained build operations Thread 115" [_thread_blocked, id=15356, stack(0x00000009c2c00000,0x00000009c2d00000)]
  0x000001ee799d4b90 JavaThread "Unconstrained build operations Thread 116" [_thread_blocked, id=2784, stack(0x00000009c2d00000,0x00000009c2e00000)]
  0x000001ee799d04b0 JavaThread "Unconstrained build operations Thread 117" [_thread_blocked, id=6764, stack(0x00000009c2e00000,0x00000009c2f00000)]
  0x000001ee799d55b0 JavaThread "Unconstrained build operations Thread 118" [_thread_blocked, id=9192, stack(0x00000009c2f00000,0x00000009c3000000)]
  0x000001ee799d64e0 JavaThread "Unconstrained build operations Thread 119" [_thread_blocked, id=14448, stack(0x00000009c3000000,0x00000009c3100000)]
  0x000001ee799d2820 JavaThread "Unconstrained build operations Thread 120" [_thread_blocked, id=20160, stack(0x00000009c3100000,0x00000009c3200000)]
  0x000001ee799d5fd0 JavaThread "Unconstrained build operations Thread 121" [_thread_blocked, id=8728, stack(0x00000009c3200000,0x00000009c3300000)]
  0x000001ee799d2310 JavaThread "Unconstrained build operations Thread 122" [_thread_blocked, id=12980, stack(0x00000009c3300000,0x00000009c3400000)]
  0x000001ee799d6f00 JavaThread "Unconstrained build operations Thread 123" [_thread_blocked, id=20768, stack(0x00000009c3400000,0x00000009c3500000)]
  0x000001ee799d7920 JavaThread "Unconstrained build operations Thread 124" [_thread_blocked, id=21328, stack(0x00000009c3500000,0x00000009c3600000)]
  0x000001ee799d7e30 JavaThread "Unconstrained build operations Thread 125" [_thread_blocked, id=18968, stack(0x00000009c3600000,0x00000009c3700000)]
  0x000001ee799d3c60 JavaThread "Unconstrained build operations Thread 126" [_thread_blocked, id=20552, stack(0x00000009c3700000,0x00000009c3800000)]
  0x000001ee799d2d30 JavaThread "Unconstrained build operations Thread 127" [_thread_blocked, id=15736, stack(0x00000009c3800000,0x00000009c3900000)]
  0x000001ee799d0ed0 JavaThread "Unconstrained build operations Thread 128" [_thread_blocked, id=18596, stack(0x00000009c3900000,0x00000009c3a00000)]
  0x000001ee799d13e0 JavaThread "Unconstrained build operations Thread 129" [_thread_blocked, id=17024, stack(0x00000009c3a00000,0x00000009c3b00000)]
  0x000001ee799d18f0 JavaThread "Unconstrained build operations Thread 130" [_thread_blocked, id=15108, stack(0x00000009c3b00000,0x00000009c3c00000)]
  0x000001ee799d3240 JavaThread "Unconstrained build operations Thread 131" [_thread_blocked, id=16876, stack(0x00000009c3c00000,0x00000009c3d00000)]
  0x000001ee799d3750 JavaThread "Unconstrained build operations Thread 132" [_thread_blocked, id=1452, stack(0x00000009c3d00000,0x00000009c3e00000)]
  0x000001ee7a7134d0 JavaThread "Unconstrained build operations Thread 133" [_thread_blocked, id=6832, stack(0x00000009c3e00000,0x00000009c3f00000)]
  0x000001ee7a712fc0 JavaThread "Unconstrained build operations Thread 134" [_thread_blocked, id=16276, stack(0x00000009c3f00000,0x00000009c4000000)]
  0x000001ee7a715d50 JavaThread "Unconstrained build operations Thread 135" [_thread_blocked, id=7152, stack(0x00000009c4000000,0x00000009c4100000)]
  0x000001ee7a711160 JavaThread "Unconstrained build operations Thread 136" [_thread_blocked, id=12992, stack(0x00000009c4100000,0x00000009c4200000)]
  0x000001ee7a7176a0 JavaThread "Unconstrained build operations Thread 137" [_thread_blocked, id=12244, stack(0x00000009c4200000,0x00000009c4300000)]
  0x000001ee7a7139e0 JavaThread "Unconstrained build operations Thread 138" [_thread_blocked, id=7536, stack(0x00000009c4300000,0x00000009c4400000)]
  0x000001ee7a717190 JavaThread "Unconstrained build operations Thread 139" [_thread_in_native, id=19552, stack(0x00000009c4400000,0x00000009c4500000)]
  0x000001ee7a714e20 JavaThread "Unconstrained build operations Thread 140" [_thread_in_native, id=8240, stack(0x00000009c4500000,0x00000009c4600000)]
  0x000001ee7a713ef0 JavaThread "Unconstrained build operations Thread 141" [_thread_in_native, id=14564, stack(0x00000009c4600000,0x00000009c4700000)]
  0x000001ee7a714400 JavaThread "Unconstrained build operations Thread 142" [_thread_blocked, id=18108, stack(0x00000009c4700000,0x00000009c4800000)]
  0x000001ee7a712090 JavaThread "Unconstrained build operations Thread 143" [_thread_in_native, id=16440, stack(0x00000009c4800000,0x00000009c4900000)]
  0x000001ee7a717bb0 JavaThread "Unconstrained build operations Thread 144" [_thread_in_native, id=11048, stack(0x00000009c4900000,0x00000009c4a00000)]
  0x000001ee7a716770 JavaThread "Unconstrained build operations Thread 145" [_thread_in_native, id=200, stack(0x00000009c4a00000,0x00000009c4b00000)]
  0x000001ee7a714910 JavaThread "Unconstrained build operations Thread 146" [_thread_in_native, id=21360, stack(0x00000009c4b00000,0x00000009c4c00000)]
  0x000001ee7a712ab0 JavaThread "Unconstrained build operations Thread 147" [_thread_blocked, id=14164, stack(0x00000009c4c00000,0x00000009c4d00000)]
  0x000001ee7a710740 JavaThread "Unconstrained build operations Thread 148" [_thread_blocked, id=15756, stack(0x00000009c4d00000,0x00000009c4e00000)]
  0x000001ee7a7180c0 JavaThread "Unconstrained build operations Thread 149" [_thread_blocked, id=20304, stack(0x00000009c4e00000,0x00000009c4f00000)]
  0x000001ee7a715330 JavaThread "Unconstrained build operations Thread 150" [_thread_blocked, id=11312, stack(0x00000009c4f00000,0x00000009c5000000)]
  0x000001ee7a716c80 JavaThread "Unconstrained build operations Thread 151" [_thread_blocked, id=9032, stack(0x00000009c5000000,0x00000009c5100000)]
  0x000001ee7a710c50 JavaThread "Unconstrained build operations Thread 152" [_thread_blocked, id=20948, stack(0x00000009c5100000,0x00000009c5200000)]
  0x000001ee7a711670 JavaThread "Unconstrained build operations Thread 153" [_thread_blocked, id=4376, stack(0x00000009c5200000,0x00000009c5300000)]
  0x000001ee7a715840 JavaThread "Unconstrained build operations Thread 154" [_thread_in_native, id=20056, stack(0x00000009c5300000,0x00000009c5400000)]
  0x000001ee7a716260 JavaThread "Unconstrained build operations Thread 155" [_thread_blocked, id=15788, stack(0x00000009c5400000,0x00000009c5500000)]
  0x000001ee7a7125a0 JavaThread "Unconstrained build operations Thread 156" [_thread_blocked, id=2348, stack(0x00000009c5500000,0x00000009c5600000)]
  0x000001ee707d3c40 JavaThread "Unconstrained build operations Thread 157" [_thread_blocked, id=2008, stack(0x00000009c5600000,0x00000009c5700000)]
  0x000001ee78d6a290 JavaThread "Unconstrained build operations Thread 158" [_thread_in_native, id=18356, stack(0x00000009c5700000,0x00000009c5800000)]
  0x000001ee78d660c0 JavaThread "Unconstrained build operations Thread 159" [_thread_blocked, id=16400, stack(0x00000009c5800000,0x00000009c5900000)]
  0x000001ee78d665d0 JavaThread "Unconstrained build operations Thread 160" [_thread_blocked, id=9236, stack(0x00000009c5900000,0x00000009c5a00000)]
  0x000001ee78d68430 JavaThread "jar transforms" [_thread_blocked, id=20748, stack(0x00000009bd100000,0x00000009bd200000)]
  0x000001ee78d656a0 JavaThread "build event listener" [_thread_blocked, id=18716, stack(0x00000009c5e00000,0x00000009c5f00000)]
  0x000001ee78d69d80 JavaThread "jar transforms Thread 2" [_thread_blocked, id=11828, stack(0x00000009ba100000,0x00000009ba200000)]
  0x000001ee78d66ff0 JavaThread "Problems report writer" [_thread_blocked, id=21016, stack(0x00000009c5f00000,0x00000009c6000000)]
  0x000001ee78d67f20 JavaThread "jar transforms Thread 3" [_thread_blocked, id=12340, stack(0x00000009bd500000,0x00000009bd600000)]
  0x000001ee78d6cb10 JavaThread "jar transforms Thread 4" [_thread_blocked, id=17476, stack(0x00000009b6700000,0x00000009b6800000)]
  0x000001ee78d68e50 JavaThread "jar transforms Thread 5" [_thread_blocked, id=528, stack(0x00000009c6000000,0x00000009c6100000)]
  0x000001ee78d6d020 JavaThread "jar transforms Thread 6" [_thread_blocked, id=5204, stack(0x00000009b6800000,0x00000009b6900000)]
  0x000001ee78d6a7a0 JavaThread "jar transforms Thread 7" [_thread_blocked, id=15300, stack(0x00000009b6900000,0x00000009b6a00000)]
  0x000001ee78d6acb0 JavaThread "jar transforms Thread 8" [_thread_blocked, id=20372, stack(0x00000009b7c00000,0x00000009b7d00000)]
  0x000001ee78d73f80 JavaThread "jar transforms Thread 9" [_thread_blocked, id=14988, stack(0x00000009c5d00000,0x00000009c5e00000)]
  0x000001ee78d6d530 JavaThread "jar transforms Thread 10" [_thread_blocked, id=21388, stack(0x00000009c6100000,0x00000009c6200000)]
  0x000001ee78d74490 JavaThread "jar transforms Thread 11" [_thread_blocked, id=20388, stack(0x00000009c6200000,0x00000009c6300000)]

Other Threads:
  0x000001ee708b3010 VMThread "VM Thread" [stack: 0x00000009b7000000,0x00000009b7100000] [id=18232]
  0x000001ee70af8ae0 WatcherThread [stack: 0x00000009b7e00000,0x00000009b7f00000] [id=6356]
  0x000001ee4cbe16b0 GCTaskThread "GC Thread#0" [stack: 0x00000009b6b00000,0x00000009b6c00000] [id=15920]
  0x000001ee751110b0 GCTaskThread "GC Thread#1" [stack: 0x00000009b7f00000,0x00000009b8000000] [id=19172]
  0x000001ee75111370 GCTaskThread "GC Thread#2" [stack: 0x00000009b8000000,0x00000009b8100000] [id=3360]
  0x000001ee75111630 GCTaskThread "GC Thread#3" [stack: 0x00000009b8100000,0x00000009b8200000] [id=15464]
  0x000001ee75199410 GCTaskThread "GC Thread#4" [stack: 0x00000009b8200000,0x00000009b8300000] [id=12152]
  0x000001ee751996d0 GCTaskThread "GC Thread#5" [stack: 0x00000009b8300000,0x00000009b8400000] [id=17532]
  0x000001ee75199990 GCTaskThread "GC Thread#6" [stack: 0x00000009b8400000,0x00000009b8500000] [id=1440]
  0x000001ee754c94b0 GCTaskThread "GC Thread#7" [stack: 0x00000009b8500000,0x00000009b8600000] [id=19076]
  0x000001ee7541fae0 GCTaskThread "GC Thread#8" [stack: 0x00000009b8600000,0x00000009b8700000] [id=17800]
  0x000001ee751a65e0 GCTaskThread "GC Thread#9" [stack: 0x00000009b9800000,0x00000009b9900000] [id=16916]
  0x000001ee751a5560 GCTaskThread "GC Thread#10" [stack: 0x00000009b9900000,0x00000009b9a00000] [id=15832]
  0x000001ee751a4a60 GCTaskThread "GC Thread#11" [stack: 0x00000009b9a00000,0x00000009b9b00000] [id=17656]
  0x000001ee751a4d20 GCTaskThread "GC Thread#12" [stack: 0x00000009b9b00000,0x00000009b9c00000] [id=10792]
  0x000001ee4cbf2510 ConcurrentGCThread "G1 Main Marker" [stack: 0x00000009b6c00000,0x00000009b6d00000] [id=5404]
  0x000001ee4cbf2e40 ConcurrentGCThread "G1 Conc#0" [stack: 0x00000009b6d00000,0x00000009b6e00000] [id=18736]
  0x000001ee751a6060 ConcurrentGCThread "G1 Conc#1" [stack: 0x00000009b9c00000,0x00000009b9d00000] [id=13340]
  0x000001ee751a6320 ConcurrentGCThread "G1 Conc#2" [stack: 0x00000009b9d00000,0x00000009b9e00000] [id=16972]
  0x000001ee706e7690 ConcurrentGCThread "G1 Refine#0" [stack: 0x00000009b6e00000,0x00000009b6f00000] [id=18928]
  0x000001ee79070eb0 ConcurrentGCThread "G1 Refine#1" [stack: 0x00000009c5a00000,0x00000009c5b00000] [id=21004]
  0x000001ee77d53140 ConcurrentGCThread "G1 Refine#2" [stack: 0x00000009c5b00000,0x00000009c5c00000] [id=3216]
  0x000001ee7703c6f0 ConcurrentGCThread "G1 Refine#3" [stack: 0x00000009c5c00000,0x00000009c5d00000] [id=14120]
  0x000001ee706e7ed0 ConcurrentGCThread "G1 Service" [stack: 0x00000009b6f00000,0x00000009b7000000] [id=12664]

Threads with active compile tasks:
C2 CompilerThread0    81821 14883   !   4       org.gradle.internal.execution.history.impl.DefaultImmutableWorkspaceMetadataStore::loadWorkspaceMetadata (185 bytes)

VM state: not at safepoint (normal execution)

VM Mutex/Monitor currently owned by a thread: None

Heap address: 0x0000000700000000, size: 4096 MB, Compressed Oops mode: Zero based, Oop shift amount: 3

CDS archive(s) mapped at: [0x000001ee00000000-0x000001ee00bb0000-0x000001ee00bb0000), size 12255232, SharedBaseAddress: 0x000001ee00000000, ArchiveRelocationMode: 1.
Compressed class space mapped at: 0x000001ee01000000-0x000001ee35000000, reserved size: 872415232
Narrow klass base: 0x000001ee00000000, Narrow klass shift: 0, Narrow klass range: 0x100000000

GC Precious Log:
 CPUs: 16 total, 16 available
 Memory: 24283M
 Large Page Support: Disabled
 NUMA Support: Disabled
 Compressed Oops: Enabled (Zero based)
 Heap Region Size: 2M
 Heap Min Capacity: 8M
 Heap Initial Capacity: 380M
 Heap Max Capacity: 4G
 Pre-touch: Disabled
 Parallel Workers: 13
 Concurrent Workers: 3
 Concurrent Refinement Workers: 13
 Periodic GC: Disabled

Heap:
 garbage-first heap   total 362496K, used 180541K [0x0000000700000000, 0x0000000800000000)
  region size 2048K, 10 young (20480K), 8 survivors (16384K)
 Metaspace       used 101862K, committed 102912K, reserved 983040K
  class space    used 14242K, committed 14720K, reserved 851968K

Heap Regions: E=young(eden), S=young(survivor), O=old, HS=humongous(starts), HC=humongous(continues), CS=collection set, F=free, OA=open archive, CA=closed archive, TAMS=top-at-mark-start (previous, next)
|   0|0x0000000700000000, 0x0000000700200000, 0x0000000700200000|100%|HS|  |TAMS 0x0000000700200000, 0x0000000700200000| Complete 
|   1|0x0000000700200000, 0x0000000700400000, 0x0000000700400000|100%|HC|  |TAMS 0x0000000700400000, 0x0000000700400000| Complete 
|   2|0x0000000700400000, 0x0000000700600000, 0x0000000700600000|100%| O|  |TAMS 0x0000000700600000, 0x0000000700600000| Untracked 
|   3|0x0000000700600000, 0x0000000700800000, 0x0000000700800000|100%| O|  |TAMS 0x0000000700800000, 0x0000000700800000| Untracked 
|   4|0x0000000700800000, 0x0000000700a00000, 0x0000000700a00000|100%| O|  |TAMS 0x0000000700a00000, 0x0000000700a00000| Untracked 
|   5|0x0000000700a00000, 0x0000000700c00000, 0x0000000700c00000|100%| O|  |TAMS 0x0000000700c00000, 0x0000000700c00000| Untracked 
|   6|0x0000000700c00000, 0x0000000700e00000, 0x0000000700e00000|100%| O|  |TAMS 0x0000000700e00000, 0x0000000700e00000| Untracked 
|   7|0x0000000700e00000, 0x0000000701000000, 0x0000000701000000|100%| O|  |TAMS 0x0000000701000000, 0x0000000701000000| Untracked 
|   8|0x0000000701000000, 0x0000000701200000, 0x0000000701200000|100%| O|  |TAMS 0x0000000701200000, 0x0000000701200000| Untracked 
|   9|0x0000000701200000, 0x0000000701400000, 0x0000000701400000|100%| O|  |TAMS 0x0000000701400000, 0x0000000701400000| Untracked 
|  10|0x0000000701400000, 0x0000000701600000, 0x0000000701600000|100%| O|  |TAMS 0x0000000701600000, 0x0000000701600000| Untracked 
|  11|0x0000000701600000, 0x0000000701800000, 0x0000000701800000|100%| O|  |TAMS 0x0000000701800000, 0x0000000701800000| Untracked 
|  12|0x0000000701800000, 0x0000000701a00000, 0x0000000701a00000|100%| O|  |TAMS 0x0000000701a00000, 0x0000000701a00000| Untracked 
|  13|0x0000000701a00000, 0x0000000701c00000, 0x0000000701c00000|100%|HS|  |TAMS 0x0000000701c00000, 0x0000000701c00000| Complete 
|  14|0x0000000701c00000, 0x0000000701e00000, 0x0000000701e00000|100%| O|  |TAMS 0x0000000701e00000, 0x0000000701e00000| Untracked 
|  15|0x0000000701e00000, 0x0000000702000000, 0x0000000702000000|100%| O|  |TAMS 0x0000000702000000, 0x0000000702000000| Untracked 
|  16|0x0000000702000000, 0x0000000702200000, 0x0000000702200000|100%| O|  |TAMS 0x0000000702200000, 0x0000000702200000| Untracked 
|  17|0x0000000702200000, 0x0000000702400000, 0x0000000702400000|100%|HS|  |TAMS 0x0000000702400000, 0x0000000702400000| Complete 
|  18|0x0000000702400000, 0x0000000702600000, 0x0000000702600000|100%|HS|  |TAMS 0x0000000702600000, 0x0000000702600000| Complete 
|  19|0x0000000702600000, 0x0000000702800000, 0x0000000702800000|100%|HC|  |TAMS 0x0000000702800000, 0x0000000702800000| Complete 
|  20|0x0000000702800000, 0x0000000702a00000, 0x0000000702a00000|100%|HS|  |TAMS 0x0000000702a00000, 0x0000000702a00000| Complete 
|  21|0x0000000702a00000, 0x0000000702c00000, 0x0000000702c00000|100%|HC|  |TAMS 0x0000000702c00000, 0x0000000702c00000| Complete 
|  22|0x0000000702c00000, 0x0000000702e00000, 0x0000000702e00000|100%| O|  |TAMS 0x0000000702e00000, 0x0000000702e00000| Untracked 
|  23|0x0000000702e00000, 0x0000000703000000, 0x0000000703000000|100%| O|  |TAMS 0x0000000703000000, 0x0000000703000000| Untracked 
|  24|0x0000000703000000, 0x0000000703200000, 0x0000000703200000|100%| O|  |TAMS 0x0000000703200000, 0x0000000703200000| Untracked 
|  25|0x0000000703200000, 0x0000000703400000, 0x0000000703400000|100%| O|  |TAMS 0x0000000703400000, 0x0000000703400000| Untracked 
|  26|0x0000000703400000, 0x0000000703600000, 0x0000000703600000|100%| O|  |TAMS 0x0000000703600000, 0x0000000703600000| Untracked 
|  27|0x0000000703600000, 0x0000000703800000, 0x0000000703800000|100%| O|  |TAMS 0x0000000703800000, 0x0000000703800000| Untracked 
|  28|0x0000000703800000, 0x0000000703a00000, 0x0000000703a00000|100%| O|  |TAMS 0x0000000703a00000, 0x0000000703a00000| Untracked 
|  29|0x0000000703a00000, 0x0000000703c00000, 0x0000000703c00000|100%| O|  |TAMS 0x0000000703c00000, 0x0000000703c00000| Untracked 
|  30|0x0000000703c00000, 0x0000000703e00000, 0x0000000703e00000|100%| O|  |TAMS 0x0000000703e00000, 0x0000000703e00000| Untracked 
|  31|0x0000000703e00000, 0x0000000704000000, 0x0000000704000000|100%| O|  |TAMS 0x0000000704000000, 0x0000000704000000| Untracked 
|  32|0x0000000704000000, 0x0000000704200000, 0x0000000704200000|100%| O|  |TAMS 0x0000000704200000, 0x0000000704200000| Untracked 
|  33|0x0000000704200000, 0x0000000704400000, 0x0000000704400000|100%| O|  |TAMS 0x0000000704400000, 0x0000000704400000| Untracked 
|  34|0x0000000704400000, 0x0000000704600000, 0x0000000704600000|100%| O|  |TAMS 0x0000000704600000, 0x0000000704600000| Untracked 
|  35|0x0000000704600000, 0x0000000704800000, 0x0000000704800000|100%|HS|  |TAMS 0x0000000704800000, 0x0000000704800000| Complete 
|  36|0x0000000704800000, 0x0000000704a00000, 0x0000000704a00000|100%| O|  |TAMS 0x0000000704a00000, 0x0000000704a00000| Untracked 
|  37|0x0000000704a00000, 0x0000000704c00000, 0x0000000704c00000|100%| O|  |TAMS 0x0000000704c00000, 0x0000000704c00000| Untracked 
|  38|0x0000000704c00000, 0x0000000704e00000, 0x0000000704e00000|100%| O|  |TAMS 0x0000000704e00000, 0x0000000704e00000| Untracked 
|  39|0x0000000704e00000, 0x0000000705000000, 0x0000000705000000|100%| O|  |TAMS 0x0000000705000000, 0x0000000705000000| Untracked 
|  40|0x0000000705000000, 0x0000000705200000, 0x0000000705200000|100%| O|  |TAMS 0x0000000705200000, 0x0000000705200000| Untracked 
|  41|0x0000000705200000, 0x0000000705400000, 0x0000000705400000|100%| O|  |TAMS 0x0000000705400000, 0x0000000705400000| Untracked 
|  42|0x0000000705400000, 0x0000000705600000, 0x0000000705600000|100%| O|  |TAMS 0x0000000705600000, 0x0000000705600000| Untracked 
|  43|0x0000000705600000, 0x0000000705800000, 0x0000000705800000|100%| O|  |TAMS 0x0000000705800000, 0x0000000705800000| Untracked 
|  44|0x0000000705800000, 0x0000000705a00000, 0x0000000705a00000|100%| O|  |TAMS 0x0000000705a00000, 0x0000000705a00000| Untracked 
|  45|0x0000000705a00000, 0x0000000705c00000, 0x0000000705c00000|100%| O|  |TAMS 0x0000000705c00000, 0x0000000705c00000| Untracked 
|  46|0x0000000705c00000, 0x0000000705e00000, 0x0000000705e00000|100%|HS|  |TAMS 0x0000000705e00000, 0x0000000705e00000| Complete 
|  47|0x0000000705e00000, 0x0000000706000000, 0x0000000706000000|100%|HS|  |TAMS 0x0000000706000000, 0x0000000706000000| Complete 
|  48|0x0000000706000000, 0x0000000706200000, 0x0000000706200000|100%|HC|  |TAMS 0x0000000706200000, 0x0000000706200000| Complete 
|  49|0x0000000706200000, 0x0000000706400000, 0x0000000706400000|100%| O|  |TAMS 0x0000000706400000, 0x0000000706400000| Untracked 
|  50|0x0000000706400000, 0x0000000706600000, 0x0000000706600000|100%| O|  |TAMS 0x0000000706600000, 0x0000000706600000| Untracked 
|  51|0x0000000706600000, 0x0000000706800000, 0x0000000706800000|100%| O|  |TAMS 0x0000000706800000, 0x0000000706800000| Untracked 
|  52|0x0000000706800000, 0x0000000706a00000, 0x0000000706a00000|100%| O|  |TAMS 0x0000000706a00000, 0x0000000706a00000| Untracked 
|  53|0x0000000706a00000, 0x0000000706a00000, 0x0000000706c00000|  0%| F|  |TAMS 0x0000000706a00000, 0x0000000706a00000| Untracked 
|  54|0x0000000706c00000, 0x0000000706e00000, 0x0000000706e00000|100%| O|  |TAMS 0x0000000706e00000, 0x0000000706e00000| Untracked 
|  55|0x0000000706e00000, 0x0000000707000000, 0x0000000707000000|100%|HS|  |TAMS 0x0000000706e00000, 0x0000000707000000| Complete 
|  56|0x0000000707000000, 0x0000000707200000, 0x0000000707200000|100%| O|  |TAMS 0x0000000707200000, 0x0000000707200000| Untracked 
|  57|0x0000000707200000, 0x0000000707400000, 0x0000000707400000|100%| O|  |TAMS 0x0000000707400000, 0x0000000707400000| Untracked 
|  58|0x0000000707400000, 0x0000000707600000, 0x0000000707600000|100%|HS|  |TAMS 0x0000000707600000, 0x0000000707600000| Complete 
|  59|0x0000000707600000, 0x0000000707800000, 0x0000000707800000|100%| O|  |TAMS 0x0000000707800000, 0x0000000707800000| Untracked 
|  60|0x0000000707800000, 0x0000000707a00000, 0x0000000707a00000|100%| O|  |TAMS 0x0000000707a00000, 0x0000000707a00000| Untracked 
|  61|0x0000000707a00000, 0x0000000707c00000, 0x0000000707c00000|100%| O|  |TAMS 0x0000000707c00000, 0x0000000707c00000| Untracked 
|  62|0x0000000707c00000, 0x0000000707e00000, 0x0000000707e00000|100%| O|  |TAMS 0x0000000707e00000, 0x0000000707e00000| Untracked 
|  63|0x0000000707e00000, 0x0000000708000000, 0x0000000708000000|100%| O|  |TAMS 0x0000000708000000, 0x0000000708000000| Untracked 
|  64|0x0000000708000000, 0x0000000708200000, 0x0000000708200000|100%| O|  |TAMS 0x0000000708200000, 0x0000000708200000| Untracked 
|  65|0x0000000708200000, 0x0000000708400000, 0x0000000708400000|100%| O|  |TAMS 0x0000000708400000, 0x0000000708400000| Untracked 
|  66|0x0000000708400000, 0x0000000708600000, 0x0000000708600000|100%| O|  |TAMS 0x0000000708600000, 0x0000000708600000| Untracked 
|  67|0x0000000708600000, 0x0000000708800000, 0x0000000708800000|100%| O|  |TAMS 0x0000000708800000, 0x0000000708800000| Untracked 
|  68|0x0000000708800000, 0x0000000708a00000, 0x0000000708a00000|100%| O|  |TAMS 0x0000000708a00000, 0x0000000708a00000| Untracked 
|  69|0x0000000708a00000, 0x0000000708c00000, 0x0000000708c00000|100%| O|  |TAMS 0x0000000708a0cc00, 0x0000000708c00000| Untracked 
|  70|0x0000000708c00000, 0x0000000708e00000, 0x0000000708e00000|100%|HS|  |TAMS 0x0000000708c00000, 0x0000000708e00000| Complete 
|  71|0x0000000708e00000, 0x0000000709000000, 0x0000000709000000|100%|HC|  |TAMS 0x0000000708e00000, 0x0000000709000000| Complete 
|  72|0x0000000709000000, 0x0000000709200000, 0x0000000709200000|100%| O|  |TAMS 0x0000000709000000, 0x0000000709200000| Untracked 
|  73|0x0000000709200000, 0x0000000709400000, 0x0000000709400000|100%| O|  |TAMS 0x0000000709200000, 0x0000000709400000| Untracked 
|  74|0x0000000709400000, 0x0000000709600000, 0x0000000709600000|100%| O|  |TAMS 0x0000000709400000, 0x0000000709600000| Untracked 
|  75|0x0000000709600000, 0x0000000709800000, 0x0000000709800000|100%| O|  |TAMS 0x0000000709600000, 0x0000000709800000| Untracked 
|  76|0x0000000709800000, 0x0000000709a00000, 0x0000000709a00000|100%| O|  |TAMS 0x0000000709800000, 0x0000000709a00000| Untracked 
|  77|0x0000000709a00000, 0x0000000709c00000, 0x0000000709c00000|100%| O|  |TAMS 0x0000000709a00000, 0x0000000709c00000| Untracked 
|  78|0x0000000709c00000, 0x0000000709e00000, 0x0000000709e00000|100%| O|  |TAMS 0x0000000709c00000, 0x0000000709e00000| Untracked 
|  79|0x0000000709e00000, 0x000000070a000000, 0x000000070a000000|100%| O|  |TAMS 0x0000000709e00000, 0x000000070a000000| Untracked 
|  80|0x000000070a000000, 0x000000070a200000, 0x000000070a200000|100%| O|  |TAMS 0x000000070a000000, 0x000000070a200000| Untracked 
|  81|0x000000070a200000, 0x000000070a399600, 0x000000070a400000| 79%| O|  |TAMS 0x000000070a200000, 0x000000070a399600| Untracked 
|  82|0x000000070a400000, 0x000000070a400000, 0x000000070a600000|  0%| F|  |TAMS 0x000000070a400000, 0x000000070a400000| Untracked 
|  83|0x000000070a600000, 0x000000070a600000, 0x000000070a800000|  0%| F|  |TAMS 0x000000070a600000, 0x000000070a600000| Untracked 
|  84|0x000000070a800000, 0x000000070a800000, 0x000000070aa00000|  0%| F|  |TAMS 0x000000070a800000, 0x000000070a800000| Untracked 
|  85|0x000000070aa00000, 0x000000070aa00000, 0x000000070ac00000|  0%| F|  |TAMS 0x000000070aa00000, 0x000000070aa00000| Untracked 
|  86|0x000000070ac00000, 0x000000070ac00000, 0x000000070ae00000|  0%| F|  |TAMS 0x000000070ac00000, 0x000000070ac00000| Untracked 
|  87|0x000000070ae00000, 0x000000070ae00000, 0x000000070b000000|  0%| F|  |TAMS 0x000000070ae00000, 0x000000070ae00000| Untracked 
|  88|0x000000070b000000, 0x000000070b000000, 0x000000070b200000|  0%| F|  |TAMS 0x000000070b000000, 0x000000070b000000| Untracked 
|  89|0x000000070b200000, 0x000000070b200000, 0x000000070b400000|  0%| F|  |TAMS 0x000000070b200000, 0x000000070b200000| Untracked 
|  90|0x000000070b400000, 0x000000070b400000, 0x000000070b600000|  0%| F|  |TAMS 0x000000070b400000, 0x000000070b400000| Untracked 
|  91|0x000000070b600000, 0x000000070b600000, 0x000000070b800000|  0%| F|  |TAMS 0x000000070b600000, 0x000000070b600000| Untracked 
|  92|0x000000070b800000, 0x000000070b800000, 0x000000070ba00000|  0%| F|  |TAMS 0x000000070b800000, 0x000000070b800000| Untracked 
|  93|0x000000070ba00000, 0x000000070ba00000, 0x000000070bc00000|  0%| F|  |TAMS 0x000000070ba00000, 0x000000070ba00000| Untracked 
|  94|0x000000070bc00000, 0x000000070bc00000, 0x000000070be00000|  0%| F|  |TAMS 0x000000070bc00000, 0x000000070bc00000| Untracked 
|  95|0x000000070be00000, 0x000000070be00000, 0x000000070c000000|  0%| F|  |TAMS 0x000000070be00000, 0x000000070be00000| Untracked 
|  96|0x000000070c000000, 0x000000070c000000, 0x000000070c200000|  0%| F|  |TAMS 0x000000070c000000, 0x000000070c000000| Untracked 
|  97|0x000000070c200000, 0x000000070c200000, 0x000000070c400000|  0%| F|  |TAMS 0x000000070c200000, 0x000000070c200000| Untracked 
|  98|0x000000070c400000, 0x000000070c400000, 0x000000070c600000|  0%| F|  |TAMS 0x000000070c400000, 0x000000070c400000| Untracked 
|  99|0x000000070c600000, 0x000000070c600000, 0x000000070c800000|  0%| F|  |TAMS 0x000000070c600000, 0x000000070c600000| Untracked 
| 100|0x000000070c800000, 0x000000070c800000, 0x000000070ca00000|  0%| F|  |TAMS 0x000000070c800000, 0x000000070c800000| Untracked 
| 101|0x000000070ca00000, 0x000000070ca00000, 0x000000070cc00000|  0%| F|  |TAMS 0x000000070ca00000, 0x000000070ca00000| Untracked 
| 102|0x000000070cc00000, 0x000000070cc00000, 0x000000070ce00000|  0%| F|  |TAMS 0x000000070cc00000, 0x000000070cc00000| Untracked 
| 103|0x000000070ce00000, 0x000000070ce00000, 0x000000070d000000|  0%| F|  |TAMS 0x000000070ce00000, 0x000000070ce00000| Untracked 
| 104|0x000000070d000000, 0x000000070d0b6100, 0x000000070d200000| 35%| S|CS|TAMS 0x000000070d000000, 0x000000070d000000| Complete 
| 105|0x000000070d200000, 0x000000070d400000, 0x000000070d400000|100%| S|CS|TAMS 0x000000070d200000, 0x000000070d200000| Complete 
| 106|0x000000070d400000, 0x000000070d600000, 0x000000070d600000|100%| S|CS|TAMS 0x000000070d400000, 0x000000070d400000| Complete 
| 107|0x000000070d600000, 0x000000070d800000, 0x000000070d800000|100%| S|CS|TAMS 0x000000070d600000, 0x000000070d600000| Complete 
| 108|0x000000070d800000, 0x000000070da00000, 0x000000070da00000|100%| S|CS|TAMS 0x000000070d800000, 0x000000070d800000| Complete 
| 109|0x000000070da00000, 0x000000070dc00000, 0x000000070dc00000|100%| S|CS|TAMS 0x000000070da00000, 0x000000070da00000| Complete 
| 110|0x000000070dc00000, 0x000000070de00000, 0x000000070de00000|100%| S|CS|TAMS 0x000000070dc00000, 0x000000070dc00000| Complete 
| 111|0x000000070de00000, 0x000000070e000000, 0x000000070e000000|100%| S|CS|TAMS 0x000000070de00000, 0x000000070de00000| Complete 
| 112|0x000000070e000000, 0x000000070e000000, 0x000000070e200000|  0%| F|  |TAMS 0x000000070e000000, 0x000000070e000000| Untracked 
| 113|0x000000070e200000, 0x000000070e200000, 0x000000070e400000|  0%| F|  |TAMS 0x000000070e200000, 0x000000070e200000| Untracked 
| 114|0x000000070e400000, 0x000000070e400000, 0x000000070e600000|  0%| F|  |TAMS 0x000000070e400000, 0x000000070e400000| Untracked 
| 115|0x000000070e600000, 0x000000070e600000, 0x000000070e800000|  0%| F|  |TAMS 0x000000070e600000, 0x000000070e600000| Untracked 
| 116|0x000000070e800000, 0x000000070e800000, 0x000000070ea00000|  0%| F|  |TAMS 0x000000070e800000, 0x000000070e800000| Untracked 
| 117|0x000000070ea00000, 0x000000070ea00000, 0x000000070ec00000|  0%| F|  |TAMS 0x000000070ea00000, 0x000000070ea00000| Untracked 
| 118|0x000000070ec00000, 0x000000070ec00000, 0x000000070ee00000|  0%| F|  |TAMS 0x000000070ec00000, 0x000000070ec00000| Untracked 
| 119|0x000000070ee00000, 0x000000070ee00000, 0x000000070f000000|  0%| F|  |TAMS 0x000000070ee00000, 0x000000070ee00000| Untracked 
| 120|0x000000070f000000, 0x000000070f000000, 0x000000070f200000|  0%| F|  |TAMS 0x000000070f000000, 0x000000070f000000| Untracked 
| 121|0x000000070f200000, 0x000000070f200000, 0x000000070f400000|  0%| F|  |TAMS 0x000000070f200000, 0x000000070f200000| Untracked 
| 122|0x000000070f400000, 0x000000070f400000, 0x000000070f600000|  0%| F|  |TAMS 0x000000070f400000, 0x000000070f400000| Untracked 
| 123|0x000000070f600000, 0x000000070f600000, 0x000000070f800000|  0%| F|  |TAMS 0x000000070f600000, 0x000000070f600000| Untracked 
| 124|0x000000070f800000, 0x000000070f800000, 0x000000070fa00000|  0%| F|  |TAMS 0x000000070f800000, 0x000000070f800000| Untracked 
| 125|0x000000070fa00000, 0x000000070fa00000, 0x000000070fc00000|  0%| F|  |TAMS 0x000000070fa00000, 0x000000070fa00000| Untracked 
| 126|0x000000070fc00000, 0x000000070fc00000, 0x000000070fe00000|  0%| F|  |TAMS 0x000000070fc00000, 0x000000070fc00000| Untracked 
| 127|0x000000070fe00000, 0x000000070fe00000, 0x0000000710000000|  0%| F|  |TAMS 0x000000070fe00000, 0x000000070fe00000| Untracked 
| 128|0x0000000710000000, 0x0000000710000000, 0x0000000710200000|  0%| F|  |TAMS 0x0000000710000000, 0x0000000710000000| Untracked 
| 129|0x0000000710200000, 0x0000000710200000, 0x0000000710400000|  0%| F|  |TAMS 0x0000000710200000, 0x0000000710200000| Untracked 
| 130|0x0000000710400000, 0x0000000710400000, 0x0000000710600000|  0%| F|  |TAMS 0x0000000710400000, 0x0000000710400000| Untracked 
| 131|0x0000000710600000, 0x0000000710600000, 0x0000000710800000|  0%| F|  |TAMS 0x0000000710600000, 0x0000000710600000| Untracked 
| 132|0x0000000710800000, 0x0000000710800000, 0x0000000710a00000|  0%| F|  |TAMS 0x0000000710800000, 0x0000000710800000| Untracked 
| 133|0x0000000710a00000, 0x0000000710a00000, 0x0000000710c00000|  0%| F|  |TAMS 0x0000000710a00000, 0x0000000710a00000| Untracked 
| 134|0x0000000710c00000, 0x0000000710c00000, 0x0000000710e00000|  0%| F|  |TAMS 0x0000000710c00000, 0x0000000710c00000| Untracked 
| 135|0x0000000710e00000, 0x0000000710e00000, 0x0000000711000000|  0%| F|  |TAMS 0x0000000710e00000, 0x0000000710e00000| Untracked 
| 136|0x0000000711000000, 0x0000000711000000, 0x0000000711200000|  0%| F|  |TAMS 0x0000000711000000, 0x0000000711000000| Untracked 
| 137|0x0000000711200000, 0x0000000711200000, 0x0000000711400000|  0%| F|  |TAMS 0x0000000711200000, 0x0000000711200000| Untracked 
| 138|0x0000000711400000, 0x0000000711400000, 0x0000000711600000|  0%| F|  |TAMS 0x0000000711400000, 0x0000000711400000| Untracked 
| 139|0x0000000711600000, 0x0000000711600000, 0x0000000711800000|  0%| F|  |TAMS 0x0000000711600000, 0x0000000711600000| Untracked 
| 140|0x0000000711800000, 0x0000000711800000, 0x0000000711a00000|  0%| F|  |TAMS 0x0000000711800000, 0x0000000711800000| Untracked 
| 141|0x0000000711a00000, 0x0000000711a00000, 0x0000000711c00000|  0%| F|  |TAMS 0x0000000711a00000, 0x0000000711a00000| Untracked 
| 142|0x0000000711c00000, 0x0000000711c00000, 0x0000000711e00000|  0%| F|  |TAMS 0x0000000711c00000, 0x0000000711c00000| Untracked 
| 143|0x0000000711e00000, 0x0000000711e00000, 0x0000000712000000|  0%| F|  |TAMS 0x0000000711e00000, 0x0000000711e00000| Untracked 
| 144|0x0000000712000000, 0x0000000712000000, 0x0000000712200000|  0%| F|  |TAMS 0x0000000712000000, 0x0000000712000000| Untracked 
| 145|0x0000000712200000, 0x0000000712200000, 0x0000000712400000|  0%| F|  |TAMS 0x0000000712200000, 0x0000000712200000| Untracked 
| 146|0x0000000712400000, 0x0000000712400000, 0x0000000712600000|  0%| F|  |TAMS 0x0000000712400000, 0x0000000712400000| Untracked 
| 147|0x0000000712600000, 0x0000000712600000, 0x0000000712800000|  0%| F|  |TAMS 0x0000000712600000, 0x0000000712600000| Untracked 
| 148|0x0000000712800000, 0x0000000712800000, 0x0000000712a00000|  0%| F|  |TAMS 0x0000000712800000, 0x0000000712800000| Untracked 
| 149|0x0000000712a00000, 0x0000000712a00000, 0x0000000712c00000|  0%| F|  |TAMS 0x0000000712a00000, 0x0000000712a00000| Untracked 
| 150|0x0000000712c00000, 0x0000000712c00000, 0x0000000712e00000|  0%| F|  |TAMS 0x0000000712c00000, 0x0000000712c00000| Untracked 
| 151|0x0000000712e00000, 0x0000000712e00000, 0x0000000713000000|  0%| F|  |TAMS 0x0000000712e00000, 0x0000000712e00000| Untracked 
| 152|0x0000000713000000, 0x0000000713000000, 0x0000000713200000|  0%| F|  |TAMS 0x0000000713000000, 0x0000000713000000| Untracked 
| 153|0x0000000713200000, 0x0000000713200000, 0x0000000713400000|  0%| F|  |TAMS 0x0000000713200000, 0x0000000713200000| Untracked 
| 154|0x0000000713400000, 0x0000000713400000, 0x0000000713600000|  0%| F|  |TAMS 0x0000000713400000, 0x0000000713400000| Untracked 
| 155|0x0000000713600000, 0x0000000713600000, 0x0000000713800000|  0%| F|  |TAMS 0x0000000713600000, 0x0000000713600000| Untracked 
| 156|0x0000000713800000, 0x0000000713800000, 0x0000000713a00000|  0%| F|  |TAMS 0x0000000713800000, 0x0000000713800000| Untracked 
| 157|0x0000000713a00000, 0x0000000713a00000, 0x0000000713c00000|  0%| F|  |TAMS 0x0000000713a00000, 0x0000000713a00000| Untracked 
| 158|0x0000000713c00000, 0x0000000713c00000, 0x0000000713e00000|  0%| F|  |TAMS 0x0000000713c00000, 0x0000000713c00000| Untracked 
| 159|0x0000000713e00000, 0x0000000713e00000, 0x0000000714000000|  0%| F|  |TAMS 0x0000000713e00000, 0x0000000713e00000| Untracked 
| 160|0x0000000714000000, 0x0000000714000000, 0x0000000714200000|  0%| F|  |TAMS 0x0000000714000000, 0x0000000714000000| Untracked 
| 161|0x0000000714200000, 0x0000000714200000, 0x0000000714400000|  0%| F|  |TAMS 0x0000000714200000, 0x0000000714200000| Untracked 
| 162|0x0000000714400000, 0x0000000714400000, 0x0000000714600000|  0%| F|  |TAMS 0x0000000714400000, 0x0000000714400000| Untracked 
| 163|0x0000000714600000, 0x0000000714600000, 0x0000000714800000|  0%| F|  |TAMS 0x0000000714600000, 0x0000000714600000| Untracked 
| 164|0x0000000714800000, 0x0000000714800000, 0x0000000714a00000|  0%| F|  |TAMS 0x0000000714800000, 0x0000000714800000| Untracked 
| 165|0x0000000714a00000, 0x0000000714a00000, 0x0000000714c00000|  0%| F|  |TAMS 0x0000000714a00000, 0x0000000714a00000| Untracked 
| 166|0x0000000714c00000, 0x0000000714c00000, 0x0000000714e00000|  0%| F|  |TAMS 0x0000000714c00000, 0x0000000714c00000| Untracked 
| 167|0x0000000714e00000, 0x0000000714e00000, 0x0000000715000000|  0%| F|  |TAMS 0x0000000714e00000, 0x0000000714e00000| Untracked 
| 168|0x0000000715000000, 0x0000000715000000, 0x0000000715200000|  0%| F|  |TAMS 0x0000000715000000, 0x0000000715000000| Untracked 
| 169|0x0000000715200000, 0x0000000715200000, 0x0000000715400000|  0%| F|  |TAMS 0x0000000715200000, 0x0000000715200000| Untracked 
| 170|0x0000000715400000, 0x0000000715400000, 0x0000000715600000|  0%| F|  |TAMS 0x0000000715400000, 0x0000000715400000| Untracked 
| 171|0x0000000715600000, 0x0000000715600000, 0x0000000715800000|  0%| F|  |TAMS 0x0000000715600000, 0x0000000715600000| Untracked 
| 172|0x0000000715800000, 0x0000000715800000, 0x0000000715a00000|  0%| F|  |TAMS 0x0000000715800000, 0x0000000715800000| Untracked 
| 173|0x0000000715a00000, 0x0000000715a00000, 0x0000000715c00000|  0%| F|  |TAMS 0x0000000715a00000, 0x0000000715a00000| Untracked 
| 174|0x0000000715c00000, 0x0000000715c11898, 0x0000000715e00000|  3%| E|  |TAMS 0x0000000715c00000, 0x0000000715c00000| Complete 
| 175|0x0000000715e00000, 0x0000000716000000, 0x0000000716000000|100%| E|CS|TAMS 0x0000000715e00000, 0x0000000715e00000| Complete 
| 189|0x0000000717a00000, 0x0000000717c00000, 0x0000000717c00000|100%| E|  |TAMS 0x0000000717a00000, 0x0000000717a00000| Complete 

Card table byte_map: [0x000001ee64750000,0x000001ee64f50000] _byte_map_base: 0x000001ee60f50000

Marking Bits (Prev, Next): (CMBitMap*) 0x000001ee4cbe1c20, (CMBitMap*) 0x000001ee4cbe1be0
 Prev Bits: [0x000001ee69750000, 0x000001ee6d750000)
 Next Bits: [0x000001ee65750000, 0x000001ee69750000)

Polling page: 0x000001ee4ab00000

Metaspace:

Usage:
  Non-class:     85.57 MB used.
      Class:     13.91 MB used.
       Both:     99.47 MB used.

Virtual space:
  Non-class space:      128.00 MB reserved,      86.12 MB ( 67%) committed,  2 nodes.
      Class space:      832.00 MB reserved,      14.38 MB (  2%) committed,  1 nodes.
             Both:      960.00 MB reserved,     100.50 MB ( 10%) committed. 

Chunk freelists:
   Non-Class:  9.78 MB
       Class:  1.65 MB
        Both:  11.43 MB

MaxMetaspaceSize: 1.00 GB
CompressedClassSpaceSize: 832.00 MB
Initial GC threshold: 21.00 MB
Current GC threshold: 162.12 MB
CDS: on
MetaspaceReclaimPolicy: balanced
 - commit_granule_bytes: 65536.
 - commit_granule_words: 8192.
 - virtual_space_node_default_size: 8388608.
 - enlarge_chunks_in_place: 1.
 - new_chunks_are_fully_committed: 0.
 - uncommit_free_chunks: 1.
 - use_allocation_guard: 0.
 - handle_deallocations: 1.


Internal statistics:

num_allocs_failed_limit: 9.
num_arena_births: 1426.
num_arena_deaths: 0.
num_vsnodes_births: 3.
num_vsnodes_deaths: 0.
num_space_committed: 1608.
num_space_uncommitted: 0.
num_chunks_returned_to_freelist: 9.
num_chunks_taken_from_freelist: 5918.
num_chunk_merges: 9.
num_chunk_splits: 3861.
num_chunks_enlarged: 2483.
num_inconsistent_stats: 0.

CodeHeap 'non-profiled nmethods': size=119168Kb used=8927Kb max_used=8927Kb free=110240Kb
 bounds [0x000001ee5c270000, 0x000001ee5cb30000, 0x000001ee636d0000]
CodeHeap 'profiled nmethods': size=119104Kb used=24703Kb max_used=24703Kb free=94400Kb
 bounds [0x000001ee546d0000, 0x000001ee55f00000, 0x000001ee5bb20000]
CodeHeap 'non-nmethods': size=7488Kb used=2438Kb max_used=4187Kb free=5049Kb
 bounds [0x000001ee5bb20000, 0x000001ee5bfa0000, 0x000001ee5c270000]
 total_blobs=13521 nmethods=12544 adapters=888
 compilation: enabled
              stopped_count=0, restarted_count=0
 full_count=0

Compilation events (20 events):
Event: 81.152 Thread 0x000001ee707dbb50 nmethod 14873 0x000001ee55eec210 code [0x000001ee55eec3a0, 0x000001ee55eec558]
Event: 81.152 Thread 0x000001ee707dbb50 14874       3       org.gradle.api.internal.artifacts.transform.TransformExecutionResult$Builder$ProducedOutputOnlyResult$$Lambda$1016/0x000001ee01672b18::<init> (10 bytes)
Event: 81.152 Thread 0x000001ee707dbb50 nmethod 14874 0x000001ee55eec610 code [0x000001ee55eec7a0, 0x000001ee55eec958]
Event: 81.152 Thread 0x000001ee707dbb50 14875       3       org.gradle.api.internal.artifacts.transform.TransformExecutionResult$Builder$ProducedOutputOnlyResult$$Lambda$1017/0x000001ee01672d58::<init> (10 bytes)
Event: 81.152 Thread 0x000001ee707dbb50 nmethod 14875 0x000001ee55eeca10 code [0x000001ee55eecba0, 0x000001ee55eecd58]
Event: 81.152 Thread 0x000001ee707dbb50 14876       3       org.gradle.api.internal.artifacts.transform.TransformExecutionResult$Builder$MixedInputAndProducedOutputResult::resolveForWorkspace (37 bytes)
Event: 81.153 Thread 0x000001ee707dbb50 nmethod 14876 0x000001ee55eece10 code [0x000001ee55eed0c0, 0x000001ee55eee1b8]
Event: 81.154 Thread 0x000001ee707dbb50 14877       3       org.gradle.api.internal.artifacts.transform.TransformExecutionResult$Builder$ProducedOutputOnlyResult::resolveForWorkspace (54 bytes)
Event: 81.155 Thread 0x000001ee707dbb50 nmethod 14877 0x000001ee55eee690 code [0x000001ee55eee9e0, 0x000001ee55ef0198]
Event: 81.232 Thread 0x000001ee707d7c90 14878       4       org.gradle.internal.snapshot.AbstractFileSystemLocationSnapshot::roots (5 bytes)
Event: 81.233 Thread 0x000001ee707d7c90 nmethod 14878 0x000001ee5cb23690 code [0x000001ee5cb23820, 0x000001ee5cb239b8]
Event: 81.508 Thread 0x000001ee707d7c90 14879       4       com.google.common.cache.LocalCache$Segment::copyEntry (88 bytes)
Event: 81.514 Thread 0x000001ee707d7c90 nmethod 14879 0x000001ee5cb23b10 code [0x000001ee5cb23d20, 0x000001ee5cb24bb8]
Event: 81.514 Thread 0x000001ee707d7c90 14880       4       com.google.common.cache.LocalCache$EntryFactory$2::copyEntry (21 bytes)
Event: 81.518 Thread 0x000001ee707d7c90 nmethod 14880 0x000001ee5cb25190 code [0x000001ee5cb25340, 0x000001ee5cb25dd8]
Event: 81.547 Thread 0x000001ee707d7c90 14881 %     4       com.google.common.cache.LocalCache$Segment::expand @ 185 (282 bytes)
Event: 81.557 Thread 0x000001ee707dbb50 14882       3       org.gradle.api.internal.artifacts.transform.TransformStep::doTransform (112 bytes)
Event: 81.557 Thread 0x000001ee707d7c90 nmethod 14881% 0x000001ee5cb26090 code [0x000001ee5cb262a0, 0x000001ee5cb27368]
Event: 81.557 Thread 0x000001ee707dbb50 nmethod 14882 0x000001ee55ef0890 code [0x000001ee55ef0ba0, 0x000001ee55ef2148]
Event: 81.590 Thread 0x000001ee707d7c90 14883   !   4       org.gradle.internal.execution.history.impl.DefaultImmutableWorkspaceMetadataStore::loadWorkspaceMetadata (185 bytes)

GC Heap History (20 events):
Event: 54.942 GC heap before
{Heap before GC invocations=33 (full 0):
 garbage-first heap   total 225280K, used 134156K [0x0000000700000000, 0x0000000800000000)
  region size 2048K, 5 young (10240K), 4 survivors (8192K)
 Metaspace       used 86300K, committed 87040K, reserved 983040K
  class space    used 11918K, committed 12288K, reserved 851968K
}
Event: 54.945 GC heap after
{Heap after GC invocations=34 (full 0):
 garbage-first heap   total 225280K, used 132005K [0x0000000700000000, 0x0000000800000000)
  region size 2048K, 1 young (2048K), 1 survivors (2048K)
 Metaspace       used 86300K, committed 87040K, reserved 983040K
  class space    used 11918K, committed 12288K, reserved 851968K
}
Event: 56.235 GC heap before
{Heap before GC invocations=34 (full 0):
 garbage-first heap   total 225280K, used 179109K [0x0000000700000000, 0x0000000800000000)
  region size 2048K, 25 young (51200K), 1 survivors (2048K)
 Metaspace       used 88952K, committed 89728K, reserved 983040K
  class space    used 12277K, committed 12672K, reserved 851968K
}
Event: 56.237 GC heap after
{Heap after GC invocations=35 (full 0):
 garbage-first heap   total 225280K, used 133348K [0x0000000700000000, 0x0000000800000000)
  region size 2048K, 2 young (4096K), 2 survivors (4096K)
 Metaspace       used 88952K, committed 89728K, reserved 983040K
  class space    used 12277K, committed 12672K, reserved 851968K
}
Event: 58.040 GC heap before
{Heap before GC invocations=36 (full 0):
 garbage-first heap   total 233472K, used 180452K [0x0000000700000000, 0x0000000800000000)
  region size 2048K, 26 young (53248K), 2 survivors (4096K)
 Metaspace       used 92460K, committed 93312K, reserved 983040K
  class space    used 12912K, committed 13312K, reserved 851968K
}
Event: 58.042 GC heap after
{Heap after GC invocations=37 (full 0):
 garbage-first heap   total 233472K, used 134890K [0x0000000700000000, 0x0000000800000000)
  region size 2048K, 2 young (4096K), 2 survivors (4096K)
 Metaspace       used 92460K, committed 93312K, reserved 983040K
  class space    used 12912K, committed 13312K, reserved 851968K
}
Event: 58.275 GC heap before
{Heap before GC invocations=37 (full 0):
 garbage-first heap   total 233472K, used 141034K [0x0000000700000000, 0x0000000800000000)
  region size 2048K, 5 young (10240K), 2 survivors (4096K)
 Metaspace       used 92909K, committed 93760K, reserved 983040K
  class space    used 12989K, committed 13376K, reserved 851968K
}
Event: 58.277 GC heap after
{Heap after GC invocations=38 (full 0):
 garbage-first heap   total 233472K, used 134610K [0x0000000700000000, 0x0000000800000000)
  region size 2048K, 1 young (2048K), 1 survivors (2048K)
 Metaspace       used 92909K, committed 93760K, reserved 983040K
  class space    used 12989K, committed 13376K, reserved 851968K
}
Event: 62.217 GC heap before
{Heap before GC invocations=38 (full 0):
 garbage-first heap   total 233472K, used 189906K [0x0000000700000000, 0x0000000800000000)
  region size 2048K, 28 young (57344K), 1 survivors (2048K)
 Metaspace       used 96433K, committed 97344K, reserved 983040K
  class space    used 13435K, committed 13888K, reserved 851968K
}
Event: 62.219 GC heap after
{Heap after GC invocations=39 (full 0):
 garbage-first heap   total 233472K, used 136173K [0x0000000700000000, 0x0000000800000000)
  region size 2048K, 2 young (4096K), 2 survivors (4096K)
 Metaspace       used 96433K, committed 97344K, reserved 983040K
  class space    used 13435K, committed 13888K, reserved 851968K
}
Event: 63.745 GC heap before
{Heap before GC invocations=40 (full 0):
 garbage-first heap   total 235520K, used 191469K [0x0000000700000000, 0x0000000800000000)
  region size 2048K, 29 young (59392K), 2 survivors (4096K)
 Metaspace       used 97867K, committed 98752K, reserved 983040K
  class space    used 13656K, committed 14080K, reserved 851968K
}
Event: 63.748 GC heap after
{Heap after GC invocations=41 (full 0):
 garbage-first heap   total 362496K, used 140253K [0x0000000700000000, 0x0000000800000000)
  region size 2048K, 4 young (8192K), 4 survivors (8192K)
 Metaspace       used 97867K, committed 98752K, reserved 983040K
  class space    used 13656K, committed 14080K, reserved 851968K
}
Event: 64.016 GC heap before
{Heap before GC invocations=41 (full 0):
 garbage-first heap   total 362496K, used 146397K [0x0000000700000000, 0x0000000800000000)
  region size 2048K, 8 young (16384K), 4 survivors (8192K)
 Metaspace       used 97875K, committed 98816K, reserved 983040K
  class space    used 13656K, committed 14080K, reserved 851968K
}
Event: 64.021 GC heap after
{Heap after GC invocations=42 (full 0):
 garbage-first heap   total 362496K, used 141363K [0x0000000700000000, 0x0000000800000000)
  region size 2048K, 1 young (2048K), 1 survivors (2048K)
 Metaspace       used 97875K, committed 98816K, reserved 983040K
  class space    used 13656K, committed 14080K, reserved 851968K
}
Event: 72.519 GC heap before
{Heap before GC invocations=42 (full 0):
 garbage-first heap   total 362496K, used 288819K [0x0000000700000000, 0x0000000800000000)
  region size 2048K, 74 young (151552K), 1 survivors (2048K)
 Metaspace       used 98539K, committed 99520K, reserved 983040K
  class space    used 13742K, committed 14208K, reserved 851968K
}
Event: 72.522 GC heap after
{Heap after GC invocations=43 (full 0):
 garbage-first heap   total 362496K, used 146547K [0x0000000700000000, 0x0000000800000000)
  region size 2048K, 4 young (8192K), 4 survivors (8192K)
 Metaspace       used 98539K, committed 99520K, reserved 983040K
  class space    used 13742K, committed 14208K, reserved 851968K
}
Event: 79.625 GC heap before
{Heap before GC invocations=44 (full 0):
 garbage-first heap   total 362496K, used 298099K [0x0000000700000000, 0x0000000800000000)
  region size 2048K, 76 young (155648K), 4 survivors (8192K)
 Metaspace       used 100679K, committed 101696K, reserved 983040K
  class space    used 14082K, committed 14528K, reserved 851968K
}
Event: 79.630 GC heap after
{Heap after GC invocations=45 (full 0):
 garbage-first heap   total 362496K, used 166902K [0x0000000700000000, 0x0000000800000000)
  region size 2048K, 10 young (20480K), 10 survivors (20480K)
 Metaspace       used 100679K, committed 101696K, reserved 983040K
  class space    used 14082K, committed 14528K, reserved 851968K
}
Event: 79.634 GC heap before
{Heap before GC invocations=45 (full 0):
 garbage-first heap   total 362496K, used 168950K [0x0000000700000000, 0x0000000800000000)
  region size 2048K, 11 young (22528K), 10 survivors (20480K)
 Metaspace       used 100679K, committed 101696K, reserved 983040K
  class space    used 14082K, committed 14528K, reserved 851968K
}
Event: 79.638 GC heap after
{Heap after GC invocations=46 (full 0):
 garbage-first heap   total 362496K, used 167700K [0x0000000700000000, 0x0000000800000000)
  region size 2048K, 2 young (4096K), 2 survivors (4096K)
 Metaspace       used 100679K, committed 101696K, reserved 983040K
  class space    used 14082K, committed 14528K, reserved 851968K
}

Dll operation events (16 events):
Event: 0.034 Loaded shared library C:\Program Files\Eclipse Adoptium\jdk-17.0.15.6-hotspot\bin\java.dll
Event: 0.045 Loaded shared library C:\Program Files\Eclipse Adoptium\jdk-17.0.15.6-hotspot\bin\jsvml.dll
Event: 0.069 Loaded shared library C:\Program Files\Eclipse Adoptium\jdk-17.0.15.6-hotspot\bin\zip.dll
Event: 0.072 Loaded shared library C:\Program Files\Eclipse Adoptium\jdk-17.0.15.6-hotspot\bin\instrument.dll
Event: 0.076 Loaded shared library C:\Program Files\Eclipse Adoptium\jdk-17.0.15.6-hotspot\bin\net.dll
Event: 0.076 Loaded shared library C:\Program Files\Eclipse Adoptium\jdk-17.0.15.6-hotspot\bin\nio.dll
Event: 0.077 Loaded shared library C:\Program Files\Eclipse Adoptium\jdk-17.0.15.6-hotspot\bin\zip.dll
Event: 0.186 Loaded shared library C:\Program Files\Eclipse Adoptium\jdk-17.0.15.6-hotspot\bin\jimage.dll
Event: 0.240 Loaded shared library C:\Program Files\Eclipse Adoptium\jdk-17.0.15.6-hotspot\bin\verify.dll
Event: 0.307 Loaded shared library C:\Users\flori\.gradle\native\1def1411415f61bf3af743bc5b6707747c0891f09f0c88961ee8f79bc544acac\windows-amd64\native-platform.dll
Event: 0.404 Loaded shared library C:\Users\flori\.gradle\native\0.2.5\x86_64-windows-gnu\gradle-fileevents.dll
Event: 1.859 Loaded shared library C:\Program Files\Eclipse Adoptium\jdk-17.0.15.6-hotspot\bin\management.dll
Event: 1.860 Loaded shared library C:\Program Files\Eclipse Adoptium\jdk-17.0.15.6-hotspot\bin\management_ext.dll
Event: 2.063 Loaded shared library C:\Program Files\Eclipse Adoptium\jdk-17.0.15.6-hotspot\bin\extnet.dll
Event: 2.285 Loaded shared library C:\Program Files\Eclipse Adoptium\jdk-17.0.15.6-hotspot\bin\sunmscapi.dll
Event: 3.745 Loaded shared library C:\Users\flori\AppData\Local\Temp\native-platform16126063430076644651dir\gradle-fileevents.dll

Deoptimization events (20 events):
Event: 81.014 Thread 0x000001ee76a9c080 Uncommon trap: trap_request=0xffffffd6 fr.pc=0x000001ee5c68fcec relative=0x00000000000007ac
Event: 81.014 Thread 0x000001ee76a9c080 Uncommon trap: reason=array_check action=maybe_recompile pc=0x000001ee5c68fcec method=java.util.ComparableTimSort.binarySort([Ljava/lang/Object;III)V @ 193 c2
Event: 81.014 Thread 0x000001ee76a9c080 DEOPT PACKING pc=0x000001ee5c68fcec sp=0x00000009b8df7b60
Event: 81.014 Thread 0x000001ee76a9c080 DEOPT UNPACKING pc=0x000001ee5bb769a3 sp=0x00000009b8df7b00 mode 2
Event: 81.107 Thread 0x000001ee76a99d10 Uncommon trap: trap_request=0xffffff45 fr.pc=0x000001ee5c7b0bc0 relative=0x00000000000010a0
Event: 81.107 Thread 0x000001ee76a99d10 Uncommon trap: reason=unstable_if action=reinterpret pc=0x000001ee5c7b0bc0 method=java.math.BigInteger.makePositive([BII)[I @ 40 c2
Event: 81.107 Thread 0x000001ee76a99d10 DEOPT PACKING pc=0x000001ee5c7b0bc0 sp=0x00000009b91feda0
Event: 81.107 Thread 0x000001ee76a99d10 DEOPT UNPACKING pc=0x000001ee5bb769a3 sp=0x00000009b91febf0 mode 2
Event: 81.126 Thread 0x000001ee7a713ef0 Uncommon trap: trap_request=0xffffffbe fr.pc=0x000001ee5c8331bc relative=0x0000000000001b1c
Event: 81.126 Thread 0x000001ee7a713ef0 Uncommon trap: reason=profile_predicate action=maybe_recompile pc=0x000001ee5c8331bc method=com.google.common.collect.MapMakerInternalMap$Segment.expand()V @ 59 c2
Event: 81.126 Thread 0x000001ee7a713ef0 DEOPT PACKING pc=0x000001ee5c8331bc sp=0x00000009c46fd2c0
Event: 81.126 Thread 0x000001ee7a713ef0 DEOPT UNPACKING pc=0x000001ee5bb769a3 sp=0x00000009c46fd268 mode 2
Event: 81.334 Thread 0x000001ee7a710740 Uncommon trap: trap_request=0xffffffbe fr.pc=0x000001ee5c8331bc relative=0x0000000000001b1c
Event: 81.334 Thread 0x000001ee7a710740 Uncommon trap: reason=profile_predicate action=maybe_recompile pc=0x000001ee5c8331bc method=com.google.common.collect.MapMakerInternalMap$Segment.expand()V @ 59 c2
Event: 81.334 Thread 0x000001ee7a710740 DEOPT PACKING pc=0x000001ee5c8331bc sp=0x00000009c4dfd230
Event: 81.334 Thread 0x000001ee7a710740 DEOPT UNPACKING pc=0x000001ee5bb769a3 sp=0x00000009c4dfd1d8 mode 2
Event: 81.542 Thread 0x000001ee76a992f0 Uncommon trap: trap_request=0xffffffbe fr.pc=0x000001ee5c8331bc relative=0x0000000000001b1c
Event: 81.542 Thread 0x000001ee76a992f0 Uncommon trap: reason=profile_predicate action=maybe_recompile pc=0x000001ee5c8331bc method=com.google.common.collect.MapMakerInternalMap$Segment.expand()V @ 59 c2
Event: 81.542 Thread 0x000001ee76a992f0 DEOPT PACKING pc=0x000001ee5c8331bc sp=0x00000009ba5fd270
Event: 81.542 Thread 0x000001ee76a992f0 DEOPT UNPACKING pc=0x000001ee5bb769a3 sp=0x00000009ba5fd218 mode 2

Classes loaded (20 events):
Event: 80.480 Loading class java/io/LineNumberReader
Event: 80.481 Loading class java/io/LineNumberReader done
Event: 80.491 Loading class java/util/regex/PatternBeanInfo
Event: 80.491 Loading class java/util/regex/PatternBeanInfo done
Event: 80.491 Loading class java/util/regex/PatternBeanInfo
Event: 80.491 Loading class java/util/regex/PatternBeanInfo done
Event: 80.492 Loading class java/util/regex/PatternCustomizer
Event: 80.492 Loading class java/util/regex/PatternCustomizer done
Event: 80.492 Loading class java/util/regex/PatternCustomizer
Event: 80.492 Loading class java/util/regex/PatternCustomizer done
Event: 80.492 Loading class jdk/internal/reflect/UnsafeQualifiedStaticIntegerFieldAccessorImpl
Event: 80.494 Loading class jdk/internal/reflect/UnsafeQualifiedStaticIntegerFieldAccessorImpl done
Event: 80.495 Loading class java/util/regex/MatcherBeanInfo
Event: 80.495 Loading class java/util/regex/MatcherBeanInfo done
Event: 80.495 Loading class java/util/regex/MatcherBeanInfo
Event: 80.495 Loading class java/util/regex/MatcherBeanInfo done
Event: 80.495 Loading class java/util/regex/MatcherCustomizer
Event: 80.495 Loading class java/util/regex/MatcherCustomizer done
Event: 80.495 Loading class java/util/regex/MatcherCustomizer
Event: 80.495 Loading class java/util/regex/MatcherCustomizer done

Classes unloaded (0 events):
No events

Classes redefined (0 events):
No events

Internal exceptions (20 events):
Event: 80.425 Thread 0x000001ee76a9c080 Exception <a 'java/lang/ClassNotFoundException'{0x000000071408a9f0}: com/android/build/gradle/internal/dsl/BuildFeaturesImplBeanInfo> (0x000000071408a9f0) 
thrown [s\src\hotspot\share\classfile\systemDictionary.cpp, line 256]
Event: 80.425 Thread 0x000001ee76a9c080 Exception <a 'java/lang/ClassNotFoundException'{0x000000071409d5a8}: com/android/build/gradle/internal/dsl/BuildFeaturesImplCustomizer> (0x000000071409d5a8) 
thrown [s\src\hotspot\share\classfile\systemDictionary.cpp, line 256]
Event: 80.426 Thread 0x000001ee76a9c080 Exception <a 'java/lang/ClassNotFoundException'{0x00000007140bbd38}: com/android/build/gradle/internal/dsl/LibraryBuildFeaturesImplCustomizer> (0x00000007140bbd38) 
thrown [s\src\hotspot\share\classfile\systemDictionary.cpp, line 256]
Event: 80.426 Thread 0x000001ee76a9c080 Exception <a 'java/lang/ClassNotFoundException'{0x00000007140d6d00}: com/android/build/gradle/internal/dsl/LibraryBuildFeaturesImpl_DecoratedCustomizer> (0x00000007140d6d00) 
thrown [s\src\hotspot\share\classfile\systemDictionary.cpp, line 256]
Event: 80.434 Thread 0x000001ee76a9c080 Exception <a 'java/lang/ClassNotFoundException'{0x0000000713e3bcf8}: com/android/build/gradle/internal/dsl/LintOptions_DecoratedBeanInfo> (0x0000000713e3bcf8) 
thrown [s\src\hotspot\share\classfile\systemDictionary.cpp, line 256]
Event: 80.434 Thread 0x000001ee76a9c080 Exception <a 'java/lang/ClassNotFoundException'{0x0000000713e4e448}: com/android/build/gradle/internal/dsl/LintOptionsBeanInfo> (0x0000000713e4e448) 
thrown [s\src\hotspot\share\classfile\systemDictionary.cpp, line 256]
Event: 80.434 Thread 0x000001ee76a9c080 Exception <a 'java/lang/ClassNotFoundException'{0x0000000713e608d8}: com/android/build/gradle/internal/dsl/LintOptionsCustomizer> (0x0000000713e608d8) 
thrown [s\src\hotspot\share\classfile\systemDictionary.cpp, line 256]
Event: 80.435 Thread 0x000001ee76a9c080 Exception <a 'java/lang/ClassNotFoundException'{0x0000000713eafd00}: com/android/build/gradle/internal/dsl/LintOptions_DecoratedCustomizer> (0x0000000713eafd00) 
thrown [s\src\hotspot\share\classfile\systemDictionary.cpp, line 256]
Event: 80.438 Thread 0x000001ee76a9c080 Exception <a 'java/lang/ClassNotFoundException'{0x0000000713f0c960}: build_441xspieb66uow2nila6nr035$_run_closure2BeanInfo> (0x0000000713f0c960) 
thrown [s\src\hotspot\share\classfile\systemDictionary.cpp, line 256]
Event: 80.439 Thread 0x000001ee76a9c080 Exception <a 'java/lang/ClassNotFoundException'{0x0000000713f1af68}: build_441xspieb66uow2nila6nr035$_run_closure2Customizer> (0x0000000713f1af68) 
thrown [s\src\hotspot\share\classfile\systemDictionary.cpp, line 256]
Event: 80.468 Thread 0x000001ee76a9c080 Exception <a 'java/lang/ClassNotFoundException'{0x0000000713c6f930}: user_agent_5b64q5iwniqpcqf3aadk64ecfBeanInfo> (0x0000000713c6f930) 
thrown [s\src\hotspot\share\classfile\systemDictionary.cpp, line 256]
Event: 80.468 Thread 0x000001ee76a9c080 Exception <a 'java/lang/ClassNotFoundException'{0x0000000713c7c798}: user_agent_5b64q5iwniqpcqf3aadk64ecfCustomizer> (0x0000000713c7c798) 
thrown [s\src\hotspot\share\classfile\systemDictionary.cpp, line 256]
Event: 80.469 Thread 0x000001ee76a9c080 Exception <a 'java/lang/ClassNotFoundException'{0x0000000713cae090}: java/io/FileBeanInfo> (0x0000000713cae090) 
thrown [s\src\hotspot\share\classfile\systemDictionary.cpp, line 256]
Event: 80.469 Thread 0x000001ee76a9c080 Exception <a 'java/lang/ClassNotFoundException'{0x0000000713cb5890}: java/io/FileCustomizer> (0x0000000713cb5890) 
thrown [s\src\hotspot\share\classfile\systemDictionary.cpp, line 256]
Event: 80.491 Thread 0x000001ee76a9c080 Exception <a 'java/lang/ClassNotFoundException'{0x0000000713db9a80}: java/util/regex/PatternBeanInfo> (0x0000000713db9a80) 
thrown [s\src\hotspot\share\classfile\systemDictionary.cpp, line 256]
Event: 80.492 Thread 0x000001ee76a9c080 Exception <a 'java/lang/ClassNotFoundException'{0x0000000713dc1408}: java/util/regex/PatternCustomizer> (0x0000000713dc1408) 
thrown [s\src\hotspot\share\classfile\systemDictionary.cpp, line 256]
Event: 80.495 Thread 0x000001ee76a9c080 Exception <a 'java/lang/ClassNotFoundException'{0x0000000713df7510}: java/util/regex/MatcherBeanInfo> (0x0000000713df7510) 
thrown [s\src\hotspot\share\classfile\systemDictionary.cpp, line 256]
Event: 80.495 Thread 0x000001ee76a9c080 Exception <a 'java/lang/ClassNotFoundException'{0x0000000713dfee90}: java/util/regex/MatcherCustomizer> (0x0000000713dfee90) 
thrown [s\src\hotspot\share\classfile\systemDictionary.cpp, line 256]
Event: 80.658 Thread 0x000001ee76a9c080 Exception <a 'java/lang/ClassNotFoundException'{0x00000007134570a0}: build_98sa71md1m8fuijawqnhhdwc2BeanInfo> (0x00000007134570a0) 
thrown [s\src\hotspot\share\classfile\systemDictionary.cpp, line 256]
Event: 80.658 Thread 0x000001ee76a9c080 Exception <a 'java/lang/ClassNotFoundException'{0x000000071345e4e0}: build_98sa71md1m8fuijawqnhhdwc2Customizer> (0x000000071345e4e0) 
thrown [s\src\hotspot\share\classfile\systemDictionary.cpp, line 256]

VM Operations (20 events):
Event: 73.440 Executing VM operation: ICBufferFull
Event: 73.440 Executing VM operation: ICBufferFull done
Event: 74.440 Executing VM operation: Cleanup
Event: 74.440 Executing VM operation: Cleanup done
Event: 79.625 Executing VM operation: G1CollectForAllocation
Event: 79.630 Executing VM operation: G1CollectForAllocation done
Event: 79.634 Executing VM operation: G1CollectForAllocation
Event: 79.638 Executing VM operation: G1CollectForAllocation done
Event: 80.292 Executing VM operation: HandshakeAllThreads
Event: 80.292 Executing VM operation: HandshakeAllThreads done
Event: 80.474 Executing VM operation: HandshakeAllThreads
Event: 80.475 Executing VM operation: HandshakeAllThreads done
Event: 80.477 Executing VM operation: HandshakeAllThreads
Event: 80.477 Executing VM operation: HandshakeAllThreads done
Event: 80.477 Executing VM operation: HandshakeAllThreads
Event: 80.477 Executing VM operation: HandshakeAllThreads done
Event: 80.482 Executing VM operation: HandshakeAllThreads
Event: 80.482 Executing VM operation: HandshakeAllThreads done
Event: 80.664 Executing VM operation: ICBufferFull
Event: 80.665 Executing VM operation: ICBufferFull done

Memory protections (0 events):
No events

Nmethod flushes (20 events):
Event: 68.870 Thread 0x000001ee707d3220 flushing  nmethod 0x000001ee55c38490
Event: 68.870 Thread 0x000001ee707d3220 flushing  nmethod 0x000001ee55c39290
Event: 68.870 Thread 0x000001ee707d3220 flushing  nmethod 0x000001ee55c44c10
Event: 68.870 Thread 0x000001ee707d3220 flushing  nmethod 0x000001ee55c45690
Event: 68.870 Thread 0x000001ee707d3220 flushing  nmethod 0x000001ee55c59910
Event: 68.870 Thread 0x000001ee707d3220 flushing  nmethod 0x000001ee55c5b810
Event: 68.870 Thread 0x000001ee707d3220 flushing  nmethod 0x000001ee55c73890
Event: 68.871 Thread 0x000001ee707d3220 flushing  nmethod 0x000001ee55ce8190
Event: 68.871 Thread 0x000001ee707d3220 flushing  nmethod 0x000001ee55ceb110
Event: 68.871 Thread 0x000001ee707d3220 flushing  nmethod 0x000001ee55ceb590
Event: 68.871 Thread 0x000001ee707d3220 flushing  nmethod 0x000001ee55ceb910
Event: 68.871 Thread 0x000001ee707d3220 flushing  nmethod 0x000001ee55cf5410
Event: 68.871 Thread 0x000001ee707d3220 flushing  nmethod 0x000001ee55cf7f90
Event: 68.871 Thread 0x000001ee707d3220 flushing  nmethod 0x000001ee55d9a290
Event: 80.484 Thread 0x000001ee707d3220 flushing  nmethod 0x000001ee55120c10
Event: 80.484 Thread 0x000001ee707d3220 flushing  nmethod 0x000001ee55129590
Event: 80.484 Thread 0x000001ee707d3220 flushing  nmethod 0x000001ee5512c990
Event: 80.484 Thread 0x000001ee707d3220 flushing  nmethod 0x000001ee55130f10
Event: 80.484 Thread 0x000001ee707d3220 flushing  nmethod 0x000001ee55138810
Event: 80.484 Thread 0x000001ee707d3220 flushing  nmethod 0x000001ee55193a90

Events (20 events):
Event: 62.997 Thread 0x000001ee7bc13580 Thread exited: 0x000001ee7bc13580
Event: 64.282 Thread 0x000001ee7bc15010 Thread exited: 0x000001ee7bc15010
Event: 64.282 Thread 0x000001ee7bc14570 Thread exited: 0x000001ee7bc14570
Event: 66.173 Thread 0x000001ee796bceb0 Thread exited: 0x000001ee796bceb0
Event: 72.406 Thread 0x000001ee76a9c080 Thread added: 0x000001ee78d6cb10
Event: 72.417 Thread 0x000001ee707dbb50 Thread added: 0x000001ee7bc15560
Event: 72.429 Thread 0x000001ee707dbb50 Thread added: 0x000001ee7bc12ae0
Event: 73.185 Thread 0x000001ee707d7c90 Thread added: 0x000001ee7bc13030
Event: 73.185 Thread 0x000001ee707d7c90 Thread added: 0x000001ee7bc15ab0
Event: 73.319 Thread 0x000001ee76a9c080 Thread added: 0x000001ee78d68e50
Event: 77.897 Thread 0x000001ee7bc15560 Thread exited: 0x000001ee7bc15560
Event: 79.495 Thread 0x000001ee7bc15ab0 Thread exited: 0x000001ee7bc15ab0
Event: 79.509 Thread 0x000001ee7bc13030 Thread exited: 0x000001ee7bc13030
Event: 79.509 Thread 0x000001ee7bc12ae0 Thread exited: 0x000001ee7bc12ae0
Event: 79.965 Thread 0x000001ee76a9c080 Thread added: 0x000001ee78d6d020
Event: 79.987 Thread 0x000001ee76a9c080 Thread added: 0x000001ee78d6a7a0
Event: 80.006 Thread 0x000001ee76a9c080 Thread added: 0x000001ee78d6acb0
Event: 80.451 Thread 0x000001ee76a9c080 Thread added: 0x000001ee78d73f80
Event: 80.462 Thread 0x000001ee76a9c080 Thread added: 0x000001ee78d6d530
Event: 80.653 Thread 0x000001ee76a9c080 Thread added: 0x000001ee78d74490


Dynamic libraries:
0x00007ff6928a0000 - 0x00007ff6928ae000 	C:\Program Files\Eclipse Adoptium\jdk-17.0.15.6-hotspot\bin\java.exe
0x00007ffabdff0000 - 0x00007ffabe1e8000 	C:\Windows\SYSTEM32\ntdll.dll
0x00007ffabd230000 - 0x00007ffabd2f2000 	C:\Windows\System32\KERNEL32.DLL
0x00007ffabb7d0000 - 0x00007ffabbac6000 	C:\Windows\System32\KERNELBASE.dll
0x00007ffabb680000 - 0x00007ffabb780000 	C:\Windows\System32\ucrtbase.dll
0x00007ffab2450000 - 0x00007ffab2467000 	C:\Program Files\Eclipse Adoptium\jdk-17.0.15.6-hotspot\bin\jli.dll
0x00007ffab45b0000 - 0x00007ffab45ce000 	C:\Program Files\Eclipse Adoptium\jdk-17.0.15.6-hotspot\bin\VCRUNTIME140.dll
0x00007ffabdb20000 - 0x00007ffabdcc1000 	C:\Windows\System32\USER32.dll
0x00007ffabbcb0000 - 0x00007ffabbcd2000 	C:\Windows\System32\win32u.dll
0x00007ffabd6e0000 - 0x00007ffabd70b000 	C:\Windows\System32\GDI32.dll
0x00007ffabbce0000 - 0x00007ffabbdf9000 	C:\Windows\System32\gdi32full.dll
0x00007ffabbb90000 - 0x00007ffabbc2d000 	C:\Windows\System32\msvcp_win.dll
0x00007ffaa1990000 - 0x00007ffaa1c2b000 	C:\Windows\WinSxS\amd64_microsoft.windows.common-controls_6595b64144ccf1df_6.0.19041.6456_none_60b8a6cb71f64256\COMCTL32.dll
0x00007ffabcf80000 - 0x00007ffabd01e000 	C:\Windows\System32\msvcrt.dll
0x00007ffabd730000 - 0x00007ffabd75f000 	C:\Windows\System32\IMM32.DLL
0x00007ffa9d9d0000 - 0x00007ffa9d9dc000 	C:\Program Files\Eclipse Adoptium\jdk-17.0.15.6-hotspot\bin\vcruntime140_1.dll
0x00007ffa90a20000 - 0x00007ffa90aad000 	C:\Program Files\Eclipse Adoptium\jdk-17.0.15.6-hotspot\bin\msvcp140.dll
0x00007ffa56ec0000 - 0x00007ffa57b2b000 	C:\Program Files\Eclipse Adoptium\jdk-17.0.15.6-hotspot\bin\server\jvm.dll
0x00007ffabd300000 - 0x00007ffabd3b1000 	C:\Windows\System32\ADVAPI32.dll
0x00007ffabd0b0000 - 0x00007ffabd14f000 	C:\Windows\System32\sechost.dll
0x00007ffabd5c0000 - 0x00007ffabd6e0000 	C:\Windows\System32\RPCRT4.dll
0x00007ffabbad0000 - 0x00007ffabbaf7000 	C:\Windows\System32\bcrypt.dll
0x00007ffabde80000 - 0x00007ffabdeeb000 	C:\Windows\System32\WS2_32.dll
0x00007ffaacb40000 - 0x00007ffaacb67000 	C:\Windows\SYSTEM32\WINMM.dll
0x00007ffabac10000 - 0x00007ffabac5b000 	C:\Windows\SYSTEM32\POWRPROF.dll
0x00007ffab2340000 - 0x00007ffab234a000 	C:\Windows\SYSTEM32\VERSION.dll
0x00007ffabaa80000 - 0x00007ffabaa92000 	C:\Windows\SYSTEM32\UMPDC.dll
0x00007ffab9ec0000 - 0x00007ffab9ed2000 	C:\Windows\SYSTEM32\kernel.appcore.dll
0x00007ffa9d9a0000 - 0x00007ffa9d9aa000 	C:\Program Files\Eclipse Adoptium\jdk-17.0.15.6-hotspot\bin\jimage.dll
0x00007ffab92a0000 - 0x00007ffab94a1000 	C:\Windows\SYSTEM32\DBGHELP.DLL
0x00007ffa9d770000 - 0x00007ffa9d7a4000 	C:\Windows\SYSTEM32\dbgcore.DLL
0x00007ffabbb00000 - 0x00007ffabbb82000 	C:\Windows\System32\bcryptPrimitives.dll
0x00007ffa9a170000 - 0x00007ffa9a17e000 	C:\Program Files\Eclipse Adoptium\jdk-17.0.15.6-hotspot\bin\instrument.dll
0x00007ffa9a200000 - 0x00007ffa9a225000 	C:\Program Files\Eclipse Adoptium\jdk-17.0.15.6-hotspot\bin\java.dll
0x00007ffa64240000 - 0x00007ffa64317000 	C:\Program Files\Eclipse Adoptium\jdk-17.0.15.6-hotspot\bin\jsvml.dll
0x00007ffabc210000 - 0x00007ffabc980000 	C:\Windows\System32\SHELL32.dll
0x00007ffab96d0000 - 0x00007ffab9e75000 	C:\Windows\SYSTEM32\windows.storage.dll
0x00007ffabd760000 - 0x00007ffabdab4000 	C:\Windows\System32\combase.dll
0x00007ffabb0b0000 - 0x00007ffabb0db000 	C:\Windows\SYSTEM32\Wldp.dll
0x00007ffabd150000 - 0x00007ffabd21d000 	C:\Windows\System32\OLEAUT32.dll
0x00007ffabd430000 - 0x00007ffabd4dd000 	C:\Windows\System32\SHCORE.dll
0x00007ffabdac0000 - 0x00007ffabdb1b000 	C:\Windows\System32\shlwapi.dll
0x00007ffabb5b0000 - 0x00007ffabb5d4000 	C:\Windows\SYSTEM32\profapi.dll
0x00007ffa9d0c0000 - 0x00007ffa9d0d8000 	C:\Program Files\Eclipse Adoptium\jdk-17.0.15.6-hotspot\bin\zip.dll
0x00007ffa9d9b0000 - 0x00007ffa9d9c9000 	C:\Program Files\Eclipse Adoptium\jdk-17.0.15.6-hotspot\bin\net.dll
0x00007ffab0850000 - 0x00007ffab095a000 	C:\Windows\SYSTEM32\WINHTTP.dll
0x00007ffabae10000 - 0x00007ffabae7a000 	C:\Windows\system32\mswsock.dll
0x00007ffa9d210000 - 0x00007ffa9d226000 	C:\Program Files\Eclipse Adoptium\jdk-17.0.15.6-hotspot\bin\nio.dll
0x00007ffa9d990000 - 0x00007ffa9d9a0000 	C:\Program Files\Eclipse Adoptium\jdk-17.0.15.6-hotspot\bin\verify.dll
0x00007ffa94df0000 - 0x00007ffa94e17000 	C:\Users\flori\.gradle\native\1def1411415f61bf3af743bc5b6707747c0891f09f0c88961ee8f79bc544acac\windows-amd64\native-platform.dll
0x0000000068df0000 - 0x0000000068e63000 	C:\Users\flori\.gradle\native\0.2.5\x86_64-windows-gnu\gradle-fileevents.dll
0x00007ffa9d110000 - 0x00007ffa9d11a000 	C:\Program Files\Eclipse Adoptium\jdk-17.0.15.6-hotspot\bin\management.dll
0x00007ffa9d0b0000 - 0x00007ffa9d0bb000 	C:\Program Files\Eclipse Adoptium\jdk-17.0.15.6-hotspot\bin\management_ext.dll
0x00007ffabdfa0000 - 0x00007ffabdfa8000 	C:\Windows\System32\PSAPI.DLL
0x00007ffabb010000 - 0x00007ffabb028000 	C:\Windows\SYSTEM32\CRYPTSP.dll
0x00007ffaba6c0000 - 0x00007ffaba6f8000 	C:\Windows\system32\rsaenh.dll
0x00007ffabb530000 - 0x00007ffabb55e000 	C:\Windows\SYSTEM32\USERENV.dll
0x00007ffabb000000 - 0x00007ffabb00c000 	C:\Windows\SYSTEM32\CRYPTBASE.dll
0x00007ffabaaa0000 - 0x00007ffabaadb000 	C:\Windows\SYSTEM32\IPHLPAPI.DLL
0x00007ffabd3c0000 - 0x00007ffabd3c8000 	C:\Windows\System32\NSI.dll
0x00007ffab2a00000 - 0x00007ffab2a17000 	C:\Windows\SYSTEM32\dhcpcsvc6.DLL
0x00007ffab29e0000 - 0x00007ffab29fd000 	C:\Windows\SYSTEM32\dhcpcsvc.DLL
0x00007ffabaaf0000 - 0x00007ffababba000 	C:\Windows\SYSTEM32\DNSAPI.dll
0x00007ffa9a1e0000 - 0x00007ffa9a1e9000 	C:\Program Files\Eclipse Adoptium\jdk-17.0.15.6-hotspot\bin\extnet.dll
0x00007ffa94de0000 - 0x00007ffa94dee000 	C:\Program Files\Eclipse Adoptium\jdk-17.0.15.6-hotspot\bin\sunmscapi.dll
0x00007ffabbe00000 - 0x00007ffabbf5d000 	C:\Windows\System32\CRYPT32.dll
0x00007ffabb120000 - 0x00007ffabb147000 	C:\Windows\SYSTEM32\ncrypt.dll
0x00007ffabb0e0000 - 0x00007ffabb11b000 	C:\Windows\SYSTEM32\NTASN1.dll
0x00007ffa805e0000 - 0x00007ffa805e7000 	C:\Windows\system32\wshunix.dll
0x0000000068d70000 - 0x0000000068de3000 	C:\Users\flori\AppData\Local\Temp\native-platform16126063430076644651dir\gradle-fileevents.dll
0x00007ffa8dbd0000 - 0x00007ffa8dbe7000 	C:\Windows\system32\napinsp.dll
0x00007ffa7c980000 - 0x00007ffa7c99b000 	C:\Windows\system32\pnrpnsp.dll
0x00007ffa7ea80000 - 0x00007ffa7ea9d000 	C:\Windows\system32\wshbth.dll
0x00007ffab3e70000 - 0x00007ffab3e8d000 	C:\Windows\system32\NLAapi.dll
0x00007ffa7c960000 - 0x00007ffa7c972000 	C:\Windows\System32\winrnr.dll
0x00007ffab02d0000 - 0x00007ffab02da000 	C:\Windows\System32\rasadhlp.dll
0x00007ffaae200000 - 0x00007ffaae280000 	C:\Windows\System32\fwpuclnt.dll

dbghelp: loaded successfully - version: 4.0.5 - missing functions: none
symbol engine: initialized successfully - sym options: 0x614 - pdb path: .;C:\Program Files\Eclipse Adoptium\jdk-17.0.15.6-hotspot\bin;C:\Windows\SYSTEM32;C:\Windows\WinSxS\amd64_microsoft.windows.common-controls_6595b64144ccf1df_6.0.19041.6456_none_60b8a6cb71f64256;C:\Program Files\Eclipse Adoptium\jdk-17.0.15.6-hotspot\bin\server;C:\Users\flori\.gradle\native\1def1411415f61bf3af743bc5b6707747c0891f09f0c88961ee8f79bc544acac\windows-amd64;C:\Users\flori\.gradle\native\0.2.5\x86_64-windows-gnu;C:\Users\flori\AppData\Local\Temp\native-platform16126063430076644651dir

VM Arguments:
jvm_args: --add-opens=java.base/java.lang=ALL-UNNAMED --add-opens=java.base/java.lang.invoke=ALL-UNNAMED --add-opens=java.base/java.util=ALL-UNNAMED --add-opens=java.prefs/java.util.prefs=ALL-UNNAMED --add-exports=jdk.compiler/com.sun.tools.javac.api=ALL-UNNAMED --add-exports=jdk.compiler/com.sun.tools.javac.util=ALL-UNNAMED --add-opens=java.base/java.util=ALL-UNNAMED --add-opens=java.prefs/java.util.prefs=ALL-UNNAMED --add-opens=java.base/java.nio.charset=ALL-UNNAMED --add-opens=java.base/java.net=ALL-UNNAMED --add-opens=java.base/java.util.concurrent.atomic=ALL-UNNAMED --add-opens=java.xml/javax.xml.namespace=ALL-UNNAMED -XX:MaxMetaspaceSize=1024m -XX:+HeapDumpOnOutOfMemoryError -Xmx4096M -Dfile.encoding=windows-1252 -Duser.country=GB -Duser.language=en -Duser.variant -javaagent:C:\Users\flori\.gradle\wrapper\dists\gradle-8.12-all\ejduaidbjup3bmmkhw3rie4zb\gradle-8.12\lib\agents\gradle-instrumentation-agent-8.12.jar 
java_command: org.gradle.launcher.daemon.bootstrap.GradleDaemon 8.12
java_class_path (initial): C:\Users\flori\.gradle\wrapper\dists\gradle-8.12-all\ejduaidbjup3bmmkhw3rie4zb\gradle-8.12\lib\gradle-daemon-main-8.12.jar
Launcher Type: SUN_STANDARD

[Global flags]
     intx CICompilerCount                          = 12                                        {product} {ergonomic}
   size_t CompressedClassSpaceSize                 = 872415232                                 {product} {ergonomic}
     uint ConcGCThreads                            = 3                                         {product} {ergonomic}
     uint G1ConcRefinementThreads                  = 13                                        {product} {ergonomic}
   size_t G1HeapRegionSize                         = 2097152                                   {product} {ergonomic}
    uintx GCDrainStackTargetSize                   = 64                                        {product} {ergonomic}
     bool HeapDumpOnOutOfMemoryError               = true                                   {manageable} {command line}
   size_t InitialHeapSize                          = 398458880                                 {product} {ergonomic}
   size_t MarkStackSize                            = 4194304                                   {product} {ergonomic}
   size_t MaxHeapSize                              = 4294967296                                {product} {command line}
   size_t MaxMetaspaceSize                         = 1073741824                                {product} {command line}
   size_t MaxNewSize                               = 2575302656                                {product} {ergonomic}
   size_t MinHeapDeltaBytes                        = 2097152                                   {product} {ergonomic}
   size_t MinHeapSize                              = 8388608                                   {product} {ergonomic}
    uintx NonNMethodCodeHeapSize                   = 7602480                                {pd product} {ergonomic}
    uintx NonProfiledCodeHeapSize                  = 122027880                              {pd product} {ergonomic}
    uintx ProfiledCodeHeapSize                     = 122027880                              {pd product} {ergonomic}
    uintx ReservedCodeCacheSize                    = 251658240                              {pd product} {ergonomic}
     bool SegmentedCodeCache                       = true                                      {product} {ergonomic}
   size_t SoftMaxHeapSize                          = 4294967296                             {manageable} {ergonomic}
     bool UseCompressedClassPointers               = true                           {product lp64_product} {ergonomic}
     bool UseCompressedOops                        = true                           {product lp64_product} {ergonomic}
     bool UseG1GC                                  = true                                      {product} {ergonomic}
     bool UseLargePagesIndividualAllocation        = false                                  {pd product} {ergonomic}

Logging:
Log output configuration:
 #0: stdout all=warning uptime,level,tags
 #1: stderr all=off uptime,level,tags

Environment Variables:
JAVA_HOME=C:\Program Files\Eclipse Adoptium\jdk-17.0.15.6-hotspot\
CLASSPATH=C:\friendsride_app\android\\gradle\wrapper\gradle-wrapper.jar
PATH=C:\Program Files\Eclipse Adoptium\jdk-17.0.15.6-hotspot\bin;C:\Users\flori\AppData\Local\Programs\Python\Python313\Scripts\;C:\Users\flori\AppData\Local\Programs\Python\Python313\;C:\Program Files\Eclipse Adoptium\jdk-17.0.15.6-hotspot\bin;C:\Windows\system32;C:\Windows;C:\Windows\System32\Wbem;C:\Windows\System32\WindowsPowerShell\v1.0\;C:\Windows\System32\OpenSSH\;C:\Program Files (x86)\NVIDIA Corporation\PhysX\Common;C:\Program Files\nodejs\;C:\ProgramData\chocolatey\bin;C:\Program Files\NVIDIA Corporation\NVIDIA App\NvDLISR;C:\Program Files\Git\cmd;C:\Users\flori\AppData\Local\Android\Sdk\platform-tools;C:\Users\flori\AppData\Local\Programs\Microsoft VS Code\bin;C:\Users\flori\AppData\Roaming\npm;C:\Users\flori\AppData\Local\Programs\cursor\resources\app\bin;C:\Users\flori\AppData\Local\Programs\Ollama;C:\Users\flori\.lmstudio\bin;C:\Users\flori\AppData\Local\dev\bin\mingit\cmd;C:\Users\flori\AppData\Local\dev\bin\mingit\cmd
USERNAME=flori
OS=Windows_NT
PROCESSOR_IDENTIFIER=Intel64 Family 6 Model 151 Stepping 2, GenuineIntel
TMP=C:\Users\flori\AppData\Local\Temp
TEMP=C:\Users\flori\AppData\Local\Temp



Periodic native trim disabled


---------------  S Y S T E M  ---------------

OS:
 Windows 10 , 64 bit Build 19041 (10.0.19041.5915)
OS uptime: 1 days 17:48 hours

CPU: total 16 (initial active 16) (8 cores per cpu, 2 threads per core) family 6 model 151 stepping 2 microcode 0x37, cx8, cmov, fxsr, ht, mmx, 3dnowpref, sse, sse2, sse3, ssse3, sse4.1, sse4.2, popcnt, lzcnt, tsc, tscinvbit, avx, avx2, aes, erms, clmul, bmi1, bmi2, adx, sha, fma, vzeroupper, clflush, clflushopt, clwb
Processor Information for all 16 processors :
  Max Mhz: 2500, Current Mhz: 2500, Mhz Limit: 2500

Memory: 4k page, system-wide physical 24283M (111M free)
TotalPageFile size 48859M (AvailPageFile size 0M)
current process WorkingSet (physical memory assigned to process): 652M, peak: 671M
current process commit charge ("private bytes"): 716M, peak: 734M

vm_info: OpenJDK 64-Bit Server VM (17.0.15+6) for windows-amd64 JRE (17.0.15+6), built on Apr 15 2025 21:25:47 by "admin" with MS VC++ 17.7 (VS2022)

END.
